Run,ReleaseDate,LoadDate,spots,bases,spots_with_mates,avgLength,size_MB,AssemblyName,download_path,Experiment,LibraryName,LibraryStrategy,LibrarySelection,LibrarySource,LibraryLayout,InsertSize,InsertDev,Platform,Model,SRAStudy,BioProject,Study_Pubmed_id,ProjectID,Sample,BioSample,SampleType,TaxID,ScientificName,SampleName,g1k_pop_code,source,g1k_analysis_group,Subject_ID,Sex,Disease,Tumor,Affection_Status,Analyte_Type,Histological_Type,Body_Site,CenterName,Submission,dbgap_study_accession,Consent,RunHash,ReadHash,Studied_Kpn
ERR1023711,9/23/2015 14:48,3/5/2016 13:49,3228411,807102750,3228411,250,208,GCF_000019565.1,https://sra-downloadb.st-va.ncbi.nlm.nih.gov/sos1/sra-pub-run-8/ERR1023711/ERR1023711.1,ERX1102583,14032997,WGS,RANDOM,GENOMIC,PAIRED,490,85,ILLUMINA,Illumina HiSeq 2000,ERP006536,PRJEB6891,,295154,ERS711295,SAMEA3357466,simple,573,Klebsiella pneumoniae,SAMEA3357466,,,,,,,no,,,,,THE WELLCOME TRUST SANGER INSTITUTE,ERA486605,,public,06EEDF5BC3A78252D2FD1435700B55E4,3B90870A486F40AF1DE64FFD27915778,Illumina_
ERR1023845,9/23/2015 14:49,3/5/2016 13:35,2603978,650994500,2603978,250,122,GCF_000019565.1,https://sra-downloadb.st-va.ncbi.nlm.nih.gov/sos1/sra-pub-run-8/ERR1023845/ERR1023845.1,ERX1102717,14021578,WGS,RANDOM,GENOMIC,PAIRED,479,82,ILLUMINA,Illumina HiSeq 2000,ERP006536,PRJEB6891,,295154,ERS710976,SAMEA3357147,simple,573,Klebsiella pneumoniae,SAMEA3357147,,,,,,,no,,,,,THE WELLCOME TRUST SANGER INSTITUTE,ERA486605,,public,3EABC2C12E214CD953E20DB9CEFF257A,53A8689584CF861E66F02C374CE2894E,Illumina_
ERR1023846,9/23/2015 14:49,3/5/2016 13:47,2823779,705944750,2823779,250,127,GCF_000019565.1,https://sra-downloadb.st-va.ncbi.nlm.nih.gov/sos1/sra-pub-run-8/ERR1023846/ERR1023846.1,ERX1102718,14021590,WGS,RANDOM,GENOMIC,PAIRED,479,82,ILLUMINA,Illumina HiSeq 2000,ERP006536,PRJEB6891,,295154,ERS710977,SAMEA3357148,simple,573,Klebsiella pneumoniae,SAMEA3357148,,,,,,,no,,,,,THE WELLCOME TRUST SANGER INSTITUTE,ERA486605,,public,623EBD055587BDBEA2964F7B63059857,74EE58CEC7C6A745C4CA54741A45DAA0,Illumina_
ERR1023849,9/23/2015 14:49,3/5/2016 13:34,2289299,572324750,2289299,250,102,GCF_000019565.1,https://sra-downloadb.st-va.ncbi.nlm.nih.gov/sos1/sra-pub-run-8/ERR1023849/ERR1023849.1,ERX1102721,14021626,WGS,RANDOM,GENOMIC,PAIRED,479,82,ILLUMINA,Illumina HiSeq 2000,ERP006536,PRJEB6891,,295154,ERS710981,SAMEA3357152,simple,573,Klebsiella pneumoniae,SAMEA3357152,,,,,,,no,,,,,THE WELLCOME TRUST SANGER INSTITUTE,ERA486605,,public,5E3A8A3C6086C4476D556EB379D1A007,B8538926CFC55D01D7DA642AF687ED71,Illumina_
ERR1023857,9/23/2015 14:49,3/5/2016 13:34,2843022,710755500,2843022,250,149,GCF_000019565.1,https://sra-downloadb.st-va.ncbi.nlm.nih.gov/sos1/sra-pub-run-8/ERR1023857/ERR1023857.1,ERX1102729,14021627,WGS,RANDOM,GENOMIC,PAIRED,479,82,ILLUMINA,Illumina HiSeq 2000,ERP006536,PRJEB6891,,295154,ERS710997,SAMEA3357168,simple,573,Klebsiella pneumoniae,SAMEA3357168,,,,,,,no,,,,,THE WELLCOME TRUST SANGER INSTITUTE,ERA486605,,public,DD224DA1E806C57912A27353176EF569,5C8D81D25967B0FBF74CB07D68B5CF1D,Illumina_
ERR1035981,9/29/2015 5:07,3/4/2016 15:08,2890351,722587750,2890351,250,156,GCF_000019565.1,https://sra-downloadb.st-va.ncbi.nlm.nih.gov/sos1/sra-pub-run-8/ERR1035981/ERR1035981.1,ERX1114715,14021605,WGS,RANDOM,GENOMIC,PAIRED,479,82,ILLUMINA,Illumina HiSeq 2000,ERP006536,PRJEB6891,,295154,ERS711027,SAMEA3357198,simple,573,Klebsiella pneumoniae,SAMEA3357198,,,,,,,no,,,,,THE WELLCOME TRUST SANGER INSTITUTE,ERA490674,,public,5C998451147F86DF238D7AA9C3C54084,718D011DB11B7FF96088970EC39DFEE7,Illumina_
ERR1035984,9/29/2015 5:07,3/4/2016 15:08,2501114,625278500,2501114,250,100,GCF_000019565.1,https://sra-downloadb.st-va.ncbi.nlm.nih.gov/sos1/sra-pub-run-8/ERR1035984/ERR1035984.1,ERX1114718,14021641,WGS,RANDOM,GENOMIC,PAIRED,479,82,ILLUMINA,Illumina HiSeq 2000,ERP006536,PRJEB6891,,295154,ERS711033,SAMEA3357204,simple,573,Klebsiella pneumoniae,SAMEA3357204,,,,,,,no,,,,,THE WELLCOME TRUST SANGER INSTITUTE,ERA490674,,public,7103058FC4B1AE8608918521BC66FF63,DCDBD2268D5BEFF85D9E364C8A132F70,Illumina_
ERR1035990,9/29/2015 5:07,3/4/2016 15:09,2585686,646421500,2585686,250,116,GCF_000019565.1,https://sra-downloadb.st-va.ncbi.nlm.nih.gov/sos1/sra-pub-run-8/ERR1035990/ERR1035990.1,ERX1114724,14021618,WGS,RANDOM,GENOMIC,PAIRED,479,82,ILLUMINA,Illumina HiSeq 2000,ERP006536,PRJEB6891,,295154,ERS711044,SAMEA3357215,simple,573,Klebsiella pneumoniae,SAMEA3357215,,,,,,,no,,,,,THE WELLCOME TRUST SANGER INSTITUTE,ERA490674,,public,379CDD3ED0A1A147A3FCC33DE946B85C,3230B65BFA3A2242B0D4417ED62B6ABD,Illumina_
ERR1215618,1/20/2016 5:40,2/27/2016 18:37,3332164,833041000,3332164,250,167,GCF_000019565.1,https://sra-downloadb.st-va.ncbi.nlm.nih.gov/sos2/sra-pub-run-4/ERR1215618/ERR1215618.1,ERX1287831,15088113,WGS,RANDOM,GENOMIC,PAIRED,500,0,ILLUMINA,Illumina HiSeq 2000,ERP006536,PRJEB6891,,295154,ERS711134,SAMEA3357305,simple,573,Klebsiella pneumoniae,SAMEA3357305,,,,,,,no,,,,,THE WELLCOME TRUST SANGER INSTITUTE,ERA553502,,public,384AFC81588CAD3B186F2E6DD22F311A,0B28C55D1D879A5C714180B6B0E973DB,Illumina_
ERR1215619,1/20/2016 5:40,2/27/2016 18:38,3402551,850637750,3402551,250,164,GCF_000019565.1,https://sra-downloadb.st-va.ncbi.nlm.nih.gov/sos2/sra-pub-run-4/ERR1215619/ERR1215619.1,ERX1287832,15088125,WGS,RANDOM,GENOMIC,PAIRED,500,0,ILLUMINA,Illumina HiSeq 2000,ERP006536,PRJEB6891,,295154,ERS711135,SAMEA3357306,simple,573,Klebsiella pneumoniae,SAMEA3357306,,,,,,,no,,,,,THE WELLCOME TRUST SANGER INSTITUTE,ERA553502,,public,76F6BC5D0873FA595E58F8954558FD11,2A0E3C3DE53C1DD420B0D3618B048CDF,Illumina_
ERR1215620,1/20/2016 5:40,2/27/2016 18:38,3555382,888845500,3555382,250,216,GCF_000019565.1,https://sra-downloadb.st-va.ncbi.nlm.nih.gov/sos2/sra-pub-run-4/ERR1215620/ERR1215620.1,ERX1287833,15088137,WGS,RANDOM,GENOMIC,PAIRED,500,0,ILLUMINA,Illumina HiSeq 2000,ERP006536,PRJEB6891,,295154,ERS711150,SAMEA3357321,simple,573,Klebsiella pneumoniae,SAMEA3357321,,,,,,,no,,,,,THE WELLCOME TRUST SANGER INSTITUTE,ERA553502,,public,898A23392C03AB08D8B3B234B2191B31,4F47F284501A488E3C2B027D8C014450,Illumina_
ERR1215621,1/20/2016 5:40,2/27/2016 18:37,2786483,696620750,2786483,250,169,GCF_000019565.1,https://sra-downloadb.st-va.ncbi.nlm.nih.gov/sos2/sra-pub-run-4/ERR1215621/ERR1215621.1,ERX1287834,15088149,WGS,RANDOM,GENOMIC,PAIRED,500,0,ILLUMINA,Illumina HiSeq 2000,ERP006536,PRJEB6891,,295154,ERS711151,SAMEA3357322,simple,573,Klebsiella pneumoniae,SAMEA3357322,,,,,,,no,,,,,THE WELLCOME TRUST SANGER INSTITUTE,ERA553502,,public,00F5B03245629D38CFFB4625468A913E,FD1DF7FAD4714CBADD0E4C26A32CDDB8,Illumina_
ERR1215633,1/20/2016 5:40,2/27/2016 18:37,3005182,751295500,3005182,250,141,GCF_000019565.1,https://sra-downloadb.st-va.ncbi.nlm.nih.gov/sos2/sra-pub-run-4/ERR1215633/ERR1215633.1,ERX1287846,15088103,WGS,RANDOM,GENOMIC,PAIRED,500,0,ILLUMINA,Illumina HiSeq 2000,ERP006536,PRJEB6891,,295154,ERS711274,SAMEA3357445,simple,573,Klebsiella pneumoniae,SAMEA3357445,,,,,,,no,,,,,THE WELLCOME TRUST SANGER INSTITUTE,ERA553502,,public,04CB51DD1C42E0CE4849C731847AC3B2,496D1B6A6F95659689B2D94718799AD2,Illumina_
ERR1023758,9/23/2015 14:48,3/5/2016 13:41,2707743,676935750,2707743,250,144,GCF_000019565.1,https://sra-downloadb.st-va.ncbi.nlm.nih.gov/sos1/sra-pub-run-8/ERR1023758/ERR1023758.1,ERX1102630,13992895,WGS,RANDOM,GENOMIC,PAIRED,464,92,ILLUMINA,Illumina HiSeq 2000,ERP006536,PRJEB6891,,295154,ERS710806,SAMEA3356977,simple,573,Klebsiella pneumoniae,SAMEA3356977,,,,,,,no,,,,,THE WELLCOME TRUST SANGER INSTITUTE,ERA486605,,public,20DC087B98F931D2A3B9A5BE1C5D29E6,FFA56EDC16A2B212E49E2B438DBB4431,Illumina_
ERR1023784,9/23/2015 14:48,3/5/2016 13:40,3003663,750915750,3003663,250,150,GCF_000019565.1,https://sra-downloadb.st-va.ncbi.nlm.nih.gov/sos1/sra-pub-run-8/ERR1023784/ERR1023784.1,ERX1102656,13992922,WGS,RANDOM,GENOMIC,PAIRED,464,92,ILLUMINA,Illumina HiSeq 2000,ERP006536,PRJEB6891,,295154,ERS710855,SAMEA3357026,simple,573,Klebsiella pneumoniae,SAMEA3357026,,,,,,,no,,,,,THE WELLCOME TRUST SANGER INSTITUTE,ERA486605,,public,1B4A3C4A24A166A90D38E0060149D312,56D6031BA637E4057C2313671906EFF5,Illumina_
ERR1023785,9/23/2015 14:48,3/5/2016 13:41,2825252,706313000,2825252,250,139,GCF_000019565.1,https://sra-downloadb.st-va.ncbi.nlm.nih.gov/sos1/sra-pub-run-8/ERR1023785/ERR1023785.1,ERX1102657,13992839,WGS,RANDOM,GENOMIC,PAIRED,464,92,ILLUMINA,Illumina HiSeq 2000,ERP006536,PRJEB6891,,295154,ERS710857,SAMEA3357028,simple,573,Klebsiella pneumoniae,SAMEA3357028,,,,,,,no,,,,,THE WELLCOME TRUST SANGER INSTITUTE,ERA486605,,public,A3B28275520A2A75AC7F66181073B8D2,C87F00A4E821CF3941E6F9517164CFDB,Illumina_
ERR1023794,9/23/2015 14:48,3/5/2016 13:55,2878047,719511750,2878047,250,157,GCF_000019565.1,https://sra-downloadb.st-va.ncbi.nlm.nih.gov/sos1/sra-pub-run-8/ERR1023794/ERR1023794.1,ERX1102666,13992852,WGS,RANDOM,GENOMIC,PAIRED,464,92,ILLUMINA,Illumina HiSeq 2000,ERP006536,PRJEB6891,,295154,ERS710876,SAMEA3357047,simple,573,Klebsiella pneumoniae,SAMEA3357047,,,,,,,no,,,,,THE WELLCOME TRUST SANGER INSTITUTE,ERA486605,,public,C44F96D3CF834463CD6EE04FB86C0C27,D11C96B768015057D3C317FBBA3BCC23,Illumina_
ERR1023800,9/23/2015 14:48,3/5/2016 13:38,2765014,691253500,2765014,250,157,GCF_000019565.1,https://sra-downloadb.st-va.ncbi.nlm.nih.gov/sos1/sra-pub-run-8/ERR1023800/ERR1023800.1,ERX1102672,14021584,WGS,RANDOM,GENOMIC,PAIRED,479,82,ILLUMINA,Illumina HiSeq 2000,ERP006536,PRJEB6891,,295154,ERS710906,SAMEA3357077,simple,573,Klebsiella pneumoniae,SAMEA3357077,,,,,,,no,,,,,THE WELLCOME TRUST SANGER INSTITUTE,ERA486605,,public,59AA681C4B700C95BEF88033D23059A8,8D8C8C7DDDA07D1E85B7C1834076B201,Illumina_
ERR1023807,9/23/2015 14:49,3/5/2016 13:41,2442309,610577250,2442309,250,126,GCF_000019565.1,https://sra-downloadb.st-va.ncbi.nlm.nih.gov/sos1/sra-pub-run-8/ERR1023807/ERR1023807.1,ERX1102679,14021597,WGS,RANDOM,GENOMIC,PAIRED,479,82,ILLUMINA,Illumina HiSeq 2000,ERP006536,PRJEB6891,,295154,ERS710925,SAMEA3357096,simple,573,Klebsiella pneumoniae,SAMEA3357096,,,,,,,no,,,,,THE WELLCOME TRUST SANGER INSTITUTE,ERA486605,,public,B5A0343B10823BFBF1F19FC45231DA7F,1D931A55FD136BAD92FF6246D9F6F2AF,Illumina_
ERR1023811,9/23/2015 14:49,3/5/2016 13:43,2267776,566944000,2267776,250,112,GCF_000019565.1,https://sra-downloadb.st-va.ncbi.nlm.nih.gov/sos1/sra-pub-run-8/ERR1023811/ERR1023811.1,ERX1102683,14021645,WGS,RANDOM,GENOMIC,PAIRED,479,82,ILLUMINA,Illumina HiSeq 2000,ERP006536,PRJEB6891,,295154,ERS710934,SAMEA3357105,simple,573,Klebsiella pneumoniae,SAMEA3357105,,,,,,,no,,,,,THE WELLCOME TRUST SANGER INSTITUTE,ERA486605,,public,79C76E88804797537BFC02686072870F,86CF19CE5794469527A3959B6A0AFD60,Illumina_
ERR1023820,9/23/2015 14:49,3/5/2016 13:36,2826691,706672750,2826691,250,143,GCF_000019565.1,https://sra-downloadb.st-va.ncbi.nlm.nih.gov/sos1/sra-pub-run-8/ERR1023820/ERR1023820.1,ERX1102692,14021563,WGS,RANDOM,GENOMIC,PAIRED,479,82,ILLUMINA,Illumina HiSeq 2000,ERP006536,PRJEB6891,,295154,ERS710950,SAMEA3357121,simple,573,Klebsiella pneumoniae,SAMEA3357121,,,,,,,no,,,,,THE WELLCOME TRUST SANGER INSTITUTE,ERA486605,,public,A94D7A659043BA66A52854444A09ED4A,A3AE34CA7F707E706952B2FD6717B40D,Illumina_
ERR1023834,9/23/2015 14:49,3/5/2016 13:36,2231845,557961250,2231845,250,124,GCF_000019565.1,https://sra-downloadb.st-va.ncbi.nlm.nih.gov/sos1/sra-pub-run-8/ERR1023834/ERR1023834.1,ERX1102706,14021636,WGS,RANDOM,GENOMIC,PAIRED,479,82,ILLUMINA,Illumina HiSeq 2000,ERP006536,PRJEB6891,,295154,ERS710965,SAMEA3357136,simple,573,Klebsiella pneumoniae,SAMEA3357136,,,,,,,no,,,,,THE WELLCOME TRUST SANGER INSTITUTE,ERA486605,,public,827B8762BEC041DB93CE09AD4B6B0A9B,8B875133891C2A83178CB51CEB9372EE,Illumina_
ERR1023837,9/23/2015 14:49,3/5/2016 13:35,2501732,625433000,2501732,250,126,GCF_000019565.1,https://sra-downloadb.st-va.ncbi.nlm.nih.gov/sos1/sra-pub-run-8/ERR1023837/ERR1023837.1,ERX1102709,14021577,WGS,RANDOM,GENOMIC,PAIRED,479,82,ILLUMINA,Illumina HiSeq 2000,ERP006536,PRJEB6891,,295154,ERS710968,SAMEA3357139,simple,573,Klebsiella pneumoniae,SAMEA3357139,,,,,,,no,,,,,THE WELLCOME TRUST SANGER INSTITUTE,ERA486605,,public,55D9D528242620FA868D0838CD84A8AE,A534E107508610EEE0B01DC41D1693AE,Illumina_
ERR1023841,9/23/2015 14:49,3/5/2016 13:34,2301298,575324500,2301298,250,124,GCF_000019565.1,https://sra-downloadb.st-va.ncbi.nlm.nih.gov/sos1/sra-pub-run-8/ERR1023841/ERR1023841.1,ERX1102713,14021625,WGS,RANDOM,GENOMIC,PAIRED,479,82,ILLUMINA,Illumina HiSeq 2000,ERP006536,PRJEB6891,,295154,ERS710972,SAMEA3357143,simple,573,Klebsiella pneumoniae,SAMEA3357143,,,,,,,no,,,,,THE WELLCOME TRUST SANGER INSTITUTE,ERA486605,,public,F7E495CBE7DD070909E4C2209A9C11CF,44EAABA1CDB8B4036055198BF43DF30C,Illumina_
ERR1023738,9/23/2015 14:48,3/5/2016 13:42,3656438,914109500,3656438,250,189,GCF_000019565.1,https://sra-downloadb.st-va.ncbi.nlm.nih.gov/sos1/sra-pub-run-8/ERR1023738/ERR1023738.1,ERX1102610,13992916,WGS,RANDOM,GENOMIC,PAIRED,464,92,ILLUMINA,Illumina HiSeq 2000,ERP006536,PRJEB6891,,295154,ERS710775,SAMEA3356946,simple,573,Klebsiella pneumoniae,SAMEA3356946,,,,,,,no,,,,,THE WELLCOME TRUST SANGER INSTITUTE,ERA486605,,public,3923CAC91063D293AFFC4EDF315466E0,3771B4498A5C70CBDC58C22B8888A98E,Illumina_
ERR1023741,9/23/2015 14:48,3/5/2016 13:54,2358514,589628500,2358514,250,107,GCF_000019565.1,https://sra-downloadb.st-va.ncbi.nlm.nih.gov/sos1/sra-pub-run-8/ERR1023741/ERR1023741.1,ERX1102613,13992857,WGS,RANDOM,GENOMIC,PAIRED,464,92,ILLUMINA,Illumina HiSeq 2000,ERP006536,PRJEB6891,,295154,ERS710778,SAMEA3356949,simple,573,Klebsiella pneumoniae,SAMEA3356949,,,,,,,no,,,,,THE WELLCOME TRUST SANGER INSTITUTE,ERA486605,,public,BF33FD48B3CC328C4605DBBA6D49DD0F,144C8F7B8ADFD78786B52115A7FB9326,Illumina_
ERR1023642,9/23/2015 14:48,3/5/2016 13:49,2859370,714842500,2859370,250,151,GCF_000019565.1,https://sra-downloadb.st-va.ncbi.nlm.nih.gov/sos1/sra-pub-run-8/ERR1023642/ERR1023642.1,ERX1102514,14033059,WGS,RANDOM,GENOMIC,PAIRED,490,85,ILLUMINA,Illumina HiSeq 2000,ERP006536,PRJEB6891,,295154,ERS711168,SAMEA3357339,simple,573,Klebsiella pneumoniae,SAMEA3357339,,,,,,,no,,,,,THE WELLCOME TRUST SANGER INSTITUTE,ERA486605,,public,35864F3D78134C5645CD46DA00F9C497,794F396B4F21AC654582B2D1D5B0EFC4,Illumina_
ERR1023644,9/23/2015 14:48,3/5/2016 13:49,2649618,662404500,2649618,250,150,GCF_000019565.1,https://sra-downloadb.st-va.ncbi.nlm.nih.gov/sos1/sra-pub-run-8/ERR1023644/ERR1023644.1,ERX1102516,14032988,WGS,RANDOM,GENOMIC,PAIRED,490,85,ILLUMINA,Illumina HiSeq 2000,ERP006536,PRJEB6891,,295154,ERS711170,SAMEA3357341,simple,573,Klebsiella pneumoniae,SAMEA3357341,,,,,,,no,,,,,THE WELLCOME TRUST SANGER INSTITUTE,ERA486605,,public,0D3F50AEB7CE1745BA62927519833CB2,6C0F0DA9E2E7222FD07004F660B0E2CB,Illumina_
ERR1023645,9/23/2015 14:48,3/5/2016 13:49,2583988,645997000,2583988,250,118,GCF_000019565.1,https://sra-downloadb.st-va.ncbi.nlm.nih.gov/sos1/sra-pub-run-8/ERR1023645/ERR1023645.1,ERX1102517,14033000,WGS,RANDOM,GENOMIC,PAIRED,490,85,ILLUMINA,Illumina HiSeq 2000,ERP006536,PRJEB6891,,295154,ERS711171,SAMEA3357342,simple,573,Klebsiella pneumoniae,SAMEA3357342,,,,,,,no,,,,,THE WELLCOME TRUST SANGER INSTITUTE,ERA486605,,public,4270AB0746B80870C3756DBA4B6BDB75,B6CB0CF49E0683715DF33505385B72FE,Illumina_
ERR1023646,9/23/2015 14:48,3/5/2016 13:48,2542431,635607750,2542431,250,152,GCF_000019565.1,https://sra-downloadb.st-va.ncbi.nlm.nih.gov/sos1/sra-pub-run-8/ERR1023646/ERR1023646.1,ERX1102518,14033012,WGS,RANDOM,GENOMIC,PAIRED,490,85,ILLUMINA,Illumina HiSeq 2000,ERP006536,PRJEB6891,,295154,ERS711172,SAMEA3357343,simple,573,Klebsiella pneumoniae,SAMEA3357343,,,,,,,no,,,,,THE WELLCOME TRUST SANGER INSTITUTE,ERA486605,,public,1E32AC977AD2BFDBB661167DC28A93DB,5DE065D1443FF9830799AE8C13E2B8D2,Illumina_
ERR1023647,9/23/2015 14:48,3/5/2016 13:48,2750088,687522000,2750088,250,158,GCF_000019565.1,https://sra-downloadb.st-va.ncbi.nlm.nih.gov/sos1/sra-pub-run-8/ERR1023647/ERR1023647.1,ERX1102519,14033024,WGS,RANDOM,GENOMIC,PAIRED,490,85,ILLUMINA,Illumina HiSeq 2000,ERP006536,PRJEB6891,,295154,ERS711173,SAMEA3357344,simple,573,Klebsiella pneumoniae,SAMEA3357344,,,,,,,no,,,,,THE WELLCOME TRUST SANGER INSTITUTE,ERA486605,,public,737AE55687F71E565068AC1F87705DB6,445D92E0335FE33DE9142F92E02FC73C,Illumina_
ERR1023650,9/23/2015 14:48,3/5/2016 13:51,5655930,1413982500,5655930,250,294,GCF_000019565.1,https://sra-downloadb.st-va.ncbi.nlm.nih.gov/sos1/sra-pub-run-10/ERR1023650/ERR1023650.1,ERX1102522,14033060,WGS,RANDOM,GENOMIC,PAIRED,490,85,ILLUMINA,Illumina HiSeq 2000,ERP006536,PRJEB6891,,295154,ERS711176,SAMEA3357347,simple,573,Klebsiella pneumoniae,SAMEA3357347,,,,,,,no,,,,,THE WELLCOME TRUST SANGER INSTITUTE,ERA486605,,public,9937225D5C1C5F8174230E76D93C41D8,520042DFF02358046A8252C6FB404EE4,Illumina_
ERR1023651,9/23/2015 14:48,3/5/2016 13:53,2931635,732908750,2931635,250,156,GCF_000019565.1,https://sra-downloadb.st-va.ncbi.nlm.nih.gov/sos1/sra-pub-run-8/ERR1023651/ERR1023651.1,ERX1102523,14033072,WGS,RANDOM,GENOMIC,PAIRED,490,85,ILLUMINA,Illumina HiSeq 2000,ERP006536,PRJEB6891,,295154,ERS711177,SAMEA3357348,simple,573,Klebsiella pneumoniae,SAMEA3357348,,,,,,,no,,,,,THE WELLCOME TRUST SANGER INSTITUTE,ERA486605,,public,A29AD65EADFE6DCAD16B2F29A78D3151,0FBBFCBEEE40A97E18AA2B4C6C43D0A6,Illumina_
ERR1023652,9/23/2015 14:48,3/5/2016 13:48,2597117,649279250,2597117,250,158,GCF_000019565.1,https://sra-downloadb.st-va.ncbi.nlm.nih.gov/sos1/sra-pub-run-8/ERR1023652/ERR1023652.1,ERX1102524,14032989,WGS,RANDOM,GENOMIC,PAIRED,490,85,ILLUMINA,Illumina HiSeq 2000,ERP006536,PRJEB6891,,295154,ERS711178,SAMEA3357349,simple,573,Klebsiella pneumoniae,SAMEA3357349,,,,,,,no,,,,,THE WELLCOME TRUST SANGER INSTITUTE,ERA486605,,public,FB78944AFEF55A9EC965DCF98FB56E0B,1E20C91C8CF61F6F390AD7D7B6A5AABB,Illumina_
ERR1023653,9/23/2015 14:48,3/5/2016 13:49,4947527,1236881750,4947527,250,279,GCF_000019565.1,https://sra-downloadb.st-va.ncbi.nlm.nih.gov/sos1/sra-pub-run-8/ERR1023653/ERR1023653.1,ERX1102525,14033001,WGS,RANDOM,GENOMIC,PAIRED,490,85,ILLUMINA,Illumina HiSeq 2000,ERP006536,PRJEB6891,,295154,ERS711179,SAMEA3357350,simple,573,Klebsiella pneumoniae,SAMEA3357350,,,,,,,no,,,,,THE WELLCOME TRUST SANGER INSTITUTE,ERA486605,,public,935F6B34B17527667DF71FCF091F6705,1F54028091581F31AB941A86E4382834,Illumina_
ERR1023654,9/23/2015 14:48,3/5/2016 13:48,2841451,710362750,2841451,250,132,GCF_000019565.1,https://sra-downloadb.st-va.ncbi.nlm.nih.gov/sos1/sra-pub-run-8/ERR1023654/ERR1023654.1,ERX1102526,14033013,WGS,RANDOM,GENOMIC,PAIRED,490,85,ILLUMINA,Illumina HiSeq 2000,ERP006536,PRJEB6891,,295154,ERS711180,SAMEA3357351,simple,573,Klebsiella pneumoniae,SAMEA3357351,,,,,,,no,,,,,THE WELLCOME TRUST SANGER INSTITUTE,ERA486605,,public,01D81C98A5545F84BD00651FD6F82063,7B3251EEB71DA2CAD40165CF736D222B,Illumina_
ERR1023655,9/23/2015 14:48,3/5/2016 13:48,2609724,652431000,2609724,250,232,GCF_000019565.1,https://sra-downloadb.st-va.ncbi.nlm.nih.gov/sos1/sra-pub-run-8/ERR1023655/ERR1023655.1,ERX1102527,14033037,WGS,RANDOM,GENOMIC,PAIRED,490,85,ILLUMINA,Illumina HiSeq 2000,ERP006536,PRJEB6891,,295154,ERS711182,SAMEA3357353,simple,573,Klebsiella pneumoniae,SAMEA3357353,,,,,,,no,,,,,THE WELLCOME TRUST SANGER INSTITUTE,ERA486605,,public,079E636697139538CAB8C8610BEAF6F0,D2B6E1532D3E2EBDEAEC383566BEF9DC,Illumina_
ERR1023656,9/23/2015 14:48,3/5/2016 13:48,2496943,624235750,2496943,250,144,GCF_000019565.1,https://sra-downloadb.st-va.ncbi.nlm.nih.gov/sos1/sra-pub-run-8/ERR1023656/ERR1023656.1,ERX1102528,14033049,WGS,RANDOM,GENOMIC,PAIRED,490,85,ILLUMINA,Illumina HiSeq 2000,ERP006536,PRJEB6891,,295154,ERS711183,SAMEA3357354,simple,573,Klebsiella pneumoniae,SAMEA3357354,,,,,,,no,,,,,THE WELLCOME TRUST SANGER INSTITUTE,ERA486605,,public,E535F43524EBFA3E4108F70D690BFFB3,FD41F760A6829DD044278778F574D317,Illumina_
ERR1023658,9/23/2015 14:48,3/5/2016 13:48,2561473,640368250,2561473,250,164,GCF_000019565.1,https://sra-downloadb.st-va.ncbi.nlm.nih.gov/sos1/sra-pub-run-8/ERR1023658/ERR1023658.1,ERX1102530,14033073,WGS,RANDOM,GENOMIC,PAIRED,490,85,ILLUMINA,Illumina HiSeq 2000,ERP006536,PRJEB6891,,295154,ERS711185,SAMEA3357356,simple,573,Klebsiella pneumoniae,SAMEA3357356,,,,,,,no,,,,,THE WELLCOME TRUST SANGER INSTITUTE,ERA486605,,public,044515308AD589EC640FB93E31572FC0,EA30EDB8B2B3D01054D827ACF18C4E60,Illumina_
ERR1023659,9/23/2015 14:48,3/5/2016 13:48,2531405,632851250,2531405,250,150,GCF_000019565.1,https://sra-downloadb.st-va.ncbi.nlm.nih.gov/sos1/sra-pub-run-8/ERR1023659/ERR1023659.1,ERX1102531,14032990,WGS,RANDOM,GENOMIC,PAIRED,490,85,ILLUMINA,Illumina HiSeq 2000,ERP006536,PRJEB6891,,295154,ERS711186,SAMEA3357357,simple,573,Klebsiella pneumoniae,SAMEA3357357,,,,,,,no,,,,,THE WELLCOME TRUST SANGER INSTITUTE,ERA486605,,public,852BC3F597DC4CA0E76F1B94AE3CF53B,E8C9D5D7CC27A129BDA4F9E910F6811C,Illumina_
ERR1023660,9/23/2015 14:48,3/5/2016 13:48,2292785,573196250,2292785,250,137,GCF_000019565.1,https://sra-downloadb.st-va.ncbi.nlm.nih.gov/sos1/sra-pub-run-8/ERR1023660/ERR1023660.1,ERX1102532,14033002,WGS,RANDOM,GENOMIC,PAIRED,490,85,ILLUMINA,Illumina HiSeq 2000,ERP006536,PRJEB6891,,295154,ERS711187,SAMEA3357358,simple,573,Klebsiella pneumoniae,SAMEA3357358,,,,,,,no,,,,,THE WELLCOME TRUST SANGER INSTITUTE,ERA486605,,public,53FCC6719F3E0B8AD9FB73AD71E16EA3,04E5675BB298F63BFE66BF30446FA86B,Illumina_
ERR1023663,9/23/2015 14:48,3/5/2016 13:52,2380385,595096250,2380385,250,142,GCF_000019565.1,https://sra-downloadb.st-va.ncbi.nlm.nih.gov/sos1/sra-pub-run-8/ERR1023663/ERR1023663.1,ERX1102535,14033038,WGS,RANDOM,GENOMIC,PAIRED,490,85,ILLUMINA,Illumina HiSeq 2000,ERP006536,PRJEB6891,,295154,ERS711190,SAMEA3357361,simple,573,Klebsiella pneumoniae,SAMEA3357361,,,,,,,no,,,,,THE WELLCOME TRUST SANGER INSTITUTE,ERA486605,,public,C28CDA944C6E0A1928762D6448B3EC89,63613BA6534375825E53DBDD11EE4C2E,Illumina_
ERR1023664,9/23/2015 14:48,3/5/2016 13:47,2442689,610672250,2442689,250,154,GCF_000019565.1,https://sra-downloadb.st-va.ncbi.nlm.nih.gov/sos1/sra-pub-run-8/ERR1023664/ERR1023664.1,ERX1102536,14033050,WGS,RANDOM,GENOMIC,PAIRED,490,85,ILLUMINA,Illumina HiSeq 2000,ERP006536,PRJEB6891,,295154,ERS711191,SAMEA3357362,simple,573,Klebsiella pneumoniae,SAMEA3357362,,,,,,,no,,,,,THE WELLCOME TRUST SANGER INSTITUTE,ERA486605,,public,1B26947D9A31CC4324FB0BE55F516154,1CA2CCD9A63053D3A09F0CF8FE777D16,Illumina_
ERR1023666,9/23/2015 14:48,3/5/2016 13:49,2542308,635577000,2542308,250,152,GCF_000019565.1,https://sra-downloadb.st-va.ncbi.nlm.nih.gov/sos1/sra-pub-run-8/ERR1023666/ERR1023666.1,ERX1102538,14033074,WGS,RANDOM,GENOMIC,PAIRED,490,85,ILLUMINA,Illumina HiSeq 2000,ERP006536,PRJEB6891,,295154,ERS711193,SAMEA3357364,simple,573,Klebsiella pneumoniae,SAMEA3357364,,,,,,,no,,,,,THE WELLCOME TRUST SANGER INSTITUTE,ERA486605,,public,1EB1D3F50ED48DF9A4B516BC18E4F185,08FF721DF0DFCA5EC37087A5D930340B,Illumina_
ERR1023667,9/23/2015 14:48,3/5/2016 13:49,2811683,702920750,2811683,250,178,GCF_000019565.1,https://sra-downloadb.st-va.ncbi.nlm.nih.gov/sos1/sra-pub-run-8/ERR1023667/ERR1023667.1,ERX1102539,14032991,WGS,RANDOM,GENOMIC,PAIRED,490,85,ILLUMINA,Illumina HiSeq 2000,ERP006536,PRJEB6891,,295154,ERS711195,SAMEA3357366,simple,573,Klebsiella pneumoniae,SAMEA3357366,,,,,,,no,,,,,THE WELLCOME TRUST SANGER INSTITUTE,ERA486605,,public,EC06F352755BBEE4CA6471DB5D0E69CC,39A81010F09DFB021848DDA3B6DADEC2,Illumina_
ERR1023668,9/23/2015 14:48,3/5/2016 13:48,2565822,641455500,2565822,250,118,GCF_000019565.1,https://sra-downloadb.st-va.ncbi.nlm.nih.gov/sos1/sra-pub-run-8/ERR1023668/ERR1023668.1,ERX1102540,14033003,WGS,RANDOM,GENOMIC,PAIRED,490,85,ILLUMINA,Illumina HiSeq 2000,ERP006536,PRJEB6891,,295154,ERS711197,SAMEA3357368,simple,573,Klebsiella pneumoniae,SAMEA3357368,,,,,,,no,,,,,THE WELLCOME TRUST SANGER INSTITUTE,ERA486605,,public,D8F00CC208F7BADBA7659C06388DF535,D522C14077B2FE81F1BE474D6331D723,Illumina_
ERR1023669,9/23/2015 14:48,3/5/2016 13:47,2439483,609870750,2439483,250,146,GCF_000019565.1,https://sra-downloadb.st-va.ncbi.nlm.nih.gov/sos1/sra-pub-run-8/ERR1023669/ERR1023669.1,ERX1102541,14033015,WGS,RANDOM,GENOMIC,PAIRED,490,85,ILLUMINA,Illumina HiSeq 2000,ERP006536,PRJEB6891,,295154,ERS711199,SAMEA3357370,simple,573,Klebsiella pneumoniae,SAMEA3357370,,,,,,,no,,,,,THE WELLCOME TRUST SANGER INSTITUTE,ERA486605,,public,B9401B594A07A813A1F847F11164CE78,824DF38CD52240C546D93DCCB22075EF,Illumina_
ERR1023670,9/23/2015 14:48,3/5/2016 13:47,2376346,594086500,2376346,250,121,GCF_000019565.1,https://sra-downloadb.st-va.ncbi.nlm.nih.gov/sos1/sra-pub-run-8/ERR1023670/ERR1023670.1,ERX1102542,14033027,WGS,RANDOM,GENOMIC,PAIRED,490,85,ILLUMINA,Illumina HiSeq 2000,ERP006536,PRJEB6891,,295154,ERS711201,SAMEA3357372,simple,573,Klebsiella pneumoniae,SAMEA3357372,,,,,,,no,,,,,THE WELLCOME TRUST SANGER INSTITUTE,ERA486605,,public,85DBE16617254863620CB49BCC3D2980,542F596603C2556BD98DB38648708CA7,Illumina_
ERR1023675,9/23/2015 14:48,3/5/2016 13:49,2588808,647202000,2588808,250,160,GCF_000019565.1,https://sra-downloadb.st-va.ncbi.nlm.nih.gov/sos1/sra-pub-run-8/ERR1023675/ERR1023675.1,ERX1102547,14032992,WGS,RANDOM,GENOMIC,PAIRED,490,85,ILLUMINA,Illumina HiSeq 2000,ERP006536,PRJEB6891,,295154,ERS711212,SAMEA3357383,simple,573,Klebsiella pneumoniae,SAMEA3357383,,,,,,,no,,,,,THE WELLCOME TRUST SANGER INSTITUTE,ERA486605,,public,F21C21263EE581A2EDBE30422D40283C,B9AD0E76562CFC1C55AE91842C06D823,Illumina_
ERR1023676,9/23/2015 14:48,3/5/2016 13:53,2443173,610793250,2443173,250,124,GCF_000019565.1,https://sra-downloadb.st-va.ncbi.nlm.nih.gov/sos1/sra-pub-run-8/ERR1023676/ERR1023676.1,ERX1102548,14033004,WGS,RANDOM,GENOMIC,PAIRED,490,85,ILLUMINA,Illumina HiSeq 2000,ERP006536,PRJEB6891,,295154,ERS711214,SAMEA3357385,simple,573,Klebsiella pneumoniae,SAMEA3357385,,,,,,,no,,,,,THE WELLCOME TRUST SANGER INSTITUTE,ERA486605,,public,24900EB5B9641C183C945175F4CABDF0,3722904669482DA0DB24179F36AA6C99,Illumina_
ERR1023677,9/23/2015 14:48,3/5/2016 13:46,2672818,668204500,2672818,250,139,GCF_000019565.1,https://sra-downloadb.st-va.ncbi.nlm.nih.gov/sos1/sra-pub-run-8/ERR1023677/ERR1023677.1,ERX1102549,14033016,WGS,RANDOM,GENOMIC,PAIRED,490,85,ILLUMINA,Illumina HiSeq 2000,ERP006536,PRJEB6891,,295154,ERS711217,SAMEA3357388,simple,573,Klebsiella pneumoniae,SAMEA3357388,,,,,,,no,,,,,THE WELLCOME TRUST SANGER INSTITUTE,ERA486605,,public,5EB23177FCA158783832A740E57544CF,D2429EA98670235B3F37DE942D16D4A4,Illumina_
ERR1023678,9/23/2015 14:48,3/5/2016 14:06,2676379,669094750,2676379,250,161,GCF_000019565.1,https://sra-downloadb.st-va.ncbi.nlm.nih.gov/sos1/sra-pub-run-8/ERR1023678/ERR1023678.1,ERX1102550,14033028,WGS,RANDOM,GENOMIC,PAIRED,490,85,ILLUMINA,Illumina HiSeq 2000,ERP006536,PRJEB6891,,295154,ERS711219,SAMEA3357390,simple,573,Klebsiella pneumoniae,SAMEA3357390,,,,,,,no,,,,,THE WELLCOME TRUST SANGER INSTITUTE,ERA486605,,public,1BDE1B395C62A2E6E60FC12B0C937338,2A12EEDCBCF43E64768AF5DFE747706B,Illumina_
ERR1023680,9/23/2015 14:48,3/5/2016 13:45,2641190,660297500,2641190,250,143,GCF_000019565.1,https://sra-downloadb.st-va.ncbi.nlm.nih.gov/sos1/sra-pub-run-8/ERR1023680/ERR1023680.1,ERX1102552,14033052,WGS,RANDOM,GENOMIC,PAIRED,490,85,ILLUMINA,Illumina HiSeq 2000,ERP006536,PRJEB6891,,295154,ERS711223,SAMEA3357394,simple,573,Klebsiella pneumoniae,SAMEA3357394,,,,,,,no,,,,,THE WELLCOME TRUST SANGER INSTITUTE,ERA486605,,public,2381B34B39371EB935E076B2998F65C3,59D3CD3F2E420D8C84B98E055B472BA7,Illumina_
ERR1023681,9/23/2015 14:48,3/5/2016 13:46,2337367,584341750,2337367,250,138,GCF_000019565.1,https://sra-downloadb.st-va.ncbi.nlm.nih.gov/sos1/sra-pub-run-8/ERR1023681/ERR1023681.1,ERX1102553,14033064,WGS,RANDOM,GENOMIC,PAIRED,490,85,ILLUMINA,Illumina HiSeq 2000,ERP006536,PRJEB6891,,295154,ERS711225,SAMEA3357396,simple,573,Klebsiella pneumoniae,SAMEA3357396,,,,,,,no,,,,,THE WELLCOME TRUST SANGER INSTITUTE,ERA486605,,public,70EB7238033C46100D75C3373248C18C,F0A4E96F00DD72443C0297BF4198BB8D,Illumina_
ERR1023682,9/23/2015 14:48,3/5/2016 13:56,2529213,632303250,2529213,250,149,GCF_000019565.1,https://sra-downloadb.st-va.ncbi.nlm.nih.gov/sos1/sra-pub-run-8/ERR1023682/ERR1023682.1,ERX1102554,14033076,WGS,RANDOM,GENOMIC,PAIRED,490,85,ILLUMINA,Illumina HiSeq 2000,ERP006536,PRJEB6891,,295154,ERS711227,SAMEA3357398,simple,573,Klebsiella pneumoniae,SAMEA3357398,,,,,,,no,,,,,THE WELLCOME TRUST SANGER INSTITUTE,ERA486605,,public,F8A889CD369C88634E65654753FED5C6,EEE80B57A2C3FCC02903B7CC5F310F47,Illumina_
ERR1023683,9/23/2015 14:48,3/5/2016 13:46,2806498,701624500,2806498,250,192,GCF_000019565.1,https://sra-downloadb.st-va.ncbi.nlm.nih.gov/sos1/sra-pub-run-8/ERR1023683/ERR1023683.1,ERX1102555,14032993,WGS,RANDOM,GENOMIC,PAIRED,490,85,ILLUMINA,Illumina HiSeq 2000,ERP006536,PRJEB6891,,295154,ERS711230,SAMEA3357401,simple,573,Klebsiella pneumoniae,SAMEA3357401,,,,,,,no,,,,,THE WELLCOME TRUST SANGER INSTITUTE,ERA486605,,public,9D3E505E123EF087B8DBB6D00EC9B579,B5B4BEF3BEE5A18EDB7BD64502F3C521,Illumina_
ERR1023687,9/23/2015 14:48,3/5/2016 13:48,2476161,619040250,2476161,250,146,GCF_000019565.1,https://sra-downloadb.st-va.ncbi.nlm.nih.gov/sos1/sra-pub-run-8/ERR1023687/ERR1023687.1,ERX1102559,14033041,WGS,RANDOM,GENOMIC,PAIRED,490,85,ILLUMINA,Illumina HiSeq 2000,ERP006536,PRJEB6891,,295154,ERS711239,SAMEA3357410,simple,573,Klebsiella pneumoniae,SAMEA3357410,,,,,,,no,,,,,THE WELLCOME TRUST SANGER INSTITUTE,ERA486605,,public,C0228A3EEE8D1D1BB57D904E8A7FC759,67058521AA133D097C227A925A29914E,Illumina_
ERR1023688,9/23/2015 14:48,3/5/2016 13:45,2542126,635531500,2542126,250,153,GCF_000019565.1,https://sra-downloadb.st-va.ncbi.nlm.nih.gov/sos1/sra-pub-run-8/ERR1023688/ERR1023688.1,ERX1102560,14033053,WGS,RANDOM,GENOMIC,PAIRED,490,85,ILLUMINA,Illumina HiSeq 2000,ERP006536,PRJEB6891,,295154,ERS711241,SAMEA3357412,simple,573,Klebsiella pneumoniae,SAMEA3357412,,,,,,,no,,,,,THE WELLCOME TRUST SANGER INSTITUTE,ERA486605,,public,B1B165BD537F3DEBD258F57CFB9D7DC0,C159E2AF0F9B6755EBAA8E06B89C5281,Illumina_
ERR1023689,9/23/2015 14:48,3/5/2016 14:04,2508965,627241250,2508965,250,143,GCF_000019565.1,https://sra-downloadb.st-va.ncbi.nlm.nih.gov/sos1/sra-pub-run-8/ERR1023689/ERR1023689.1,ERX1102561,14033065,WGS,RANDOM,GENOMIC,PAIRED,490,85,ILLUMINA,Illumina HiSeq 2000,ERP006536,PRJEB6891,,295154,ERS711243,SAMEA3357414,simple,573,Klebsiella pneumoniae,SAMEA3357414,,,,,,,no,,,,,THE WELLCOME TRUST SANGER INSTITUTE,ERA486605,,public,0F2F1B906D07AFFE76AF09BF4BDACE4F,A0C92D4D6D3955455F292582A60AFA15,Illumina_
ERR1023690,9/23/2015 14:48,3/5/2016 13:51,2287705,571926250,2287705,250,133,GCF_000019565.1,https://sra-downloadb.st-va.ncbi.nlm.nih.gov/sos1/sra-pub-run-10/ERR1023690/ERR1023690.1,ERX1102562,14033077,WGS,RANDOM,GENOMIC,PAIRED,490,85,ILLUMINA,Illumina HiSeq 2000,ERP006536,PRJEB6891,,295154,ERS711245,SAMEA3357416,simple,573,Klebsiella pneumoniae,SAMEA3357416,,,,,,,no,,,,,THE WELLCOME TRUST SANGER INSTITUTE,ERA486605,,public,1FF8A24A15EF6622500F41BAD8485BEE,A8D3E7CC822FEE372E97CCE86596E4C5,Illumina_
ERR1023692,9/23/2015 14:48,3/5/2016 13:46,2960109,740027250,2960109,250,183,GCF_000019565.1,https://sra-downloadb.st-va.ncbi.nlm.nih.gov/sos1/sra-pub-run-8/ERR1023692/ERR1023692.1,ERX1102564,14033006,WGS,RANDOM,GENOMIC,PAIRED,490,85,ILLUMINA,Illumina HiSeq 2000,ERP006536,PRJEB6891,,295154,ERS711248,SAMEA3357419,simple,573,Klebsiella pneumoniae,SAMEA3357419,,,,,,,no,,,,,THE WELLCOME TRUST SANGER INSTITUTE,ERA486605,,public,463B4B6BBED8A297B53789AC9FA1BDF8,EF115F895E906CCB356FF2E3900A7EED,Illumina_
ERR1023693,9/23/2015 14:48,3/5/2016 15:12,2721052,680263000,2721052,250,161,GCF_000019565.1,https://sra-downloadb.st-va.ncbi.nlm.nih.gov/sos1/sra-pub-run-8/ERR1023693/ERR1023693.1,ERX1102565,14033018,WGS,RANDOM,GENOMIC,PAIRED,490,85,ILLUMINA,Illumina HiSeq 2000,ERP006536,PRJEB6891,,295154,ERS711250,SAMEA3357421,simple,573,Klebsiella pneumoniae,SAMEA3357421,,,,,,,no,,,,,THE WELLCOME TRUST SANGER INSTITUTE,ERA486605,,public,485CEF911CF5E978141016A309B32752,AC6ABE1029EA1FD07CFEF6C81AF815C7,Illumina_
ERR1023694,9/23/2015 14:48,3/5/2016 13:45,2255866,563966500,2255866,250,130,GCF_000019565.1,https://sra-downloadb.st-va.ncbi.nlm.nih.gov/sos1/sra-pub-run-8/ERR1023694/ERR1023694.1,ERX1102566,14033042,WGS,RANDOM,GENOMIC,PAIRED,490,85,ILLUMINA,Illumina HiSeq 2000,ERP006536,PRJEB6891,,295154,ERS711255,SAMEA3357426,simple,573,Klebsiella pneumoniae,SAMEA3357426,,,,,,,no,,,,,THE WELLCOME TRUST SANGER INSTITUTE,ERA486605,,public,0A80012E58C218DC85D12132FBD572FC,D83915324288905E07D9E816F909E8A8,Illumina_
ERR1023695,9/23/2015 14:48,3/5/2016 13:45,2321977,580494250,2321977,250,139,GCF_000019565.1,https://sra-downloadb.st-va.ncbi.nlm.nih.gov/sos1/sra-pub-run-8/ERR1023695/ERR1023695.1,ERX1102567,14033054,WGS,RANDOM,GENOMIC,PAIRED,490,85,ILLUMINA,Illumina HiSeq 2000,ERP006536,PRJEB6891,,295154,ERS711256,SAMEA3357427,simple,573,Klebsiella pneumoniae,SAMEA3357427,,,,,,,no,,,,,THE WELLCOME TRUST SANGER INSTITUTE,ERA486605,,public,45643B0A6EE5DC5000EB755D4D532213,94047F2B1BF1F2CDACD385F0361A271E,Illumina_
ERR1023696,9/23/2015 14:48,3/5/2016 14:15,2354122,588530500,2354122,250,108,GCF_000019565.1,https://sra-downloadb.st-va.ncbi.nlm.nih.gov/sos1/sra-pub-run-8/ERR1023696/ERR1023696.1,ERX1102568,14033066,WGS,RANDOM,GENOMIC,PAIRED,490,85,ILLUMINA,Illumina HiSeq 2000,ERP006536,PRJEB6891,,295154,ERS711258,SAMEA3357429,simple,573,Klebsiella pneumoniae,SAMEA3357429,,,,,,,no,,,,,THE WELLCOME TRUST SANGER INSTITUTE,ERA486605,,public,5B47BFEB01425FC198782FEC517FF334,3FDBBC6652C0C0C4DE9138B386610433,Illumina_
ERR1023697,9/23/2015 14:48,3/5/2016 13:55,2194837,548709250,2194837,250,126,GCF_000019565.1,https://sra-downloadb.st-va.ncbi.nlm.nih.gov/sos1/sra-pub-run-8/ERR1023697/ERR1023697.1,ERX1102569,14033078,WGS,RANDOM,GENOMIC,PAIRED,490,85,ILLUMINA,Illumina HiSeq 2000,ERP006536,PRJEB6891,,295154,ERS711260,SAMEA3357431,simple,573,Klebsiella pneumoniae,SAMEA3357431,,,,,,,no,,,,,THE WELLCOME TRUST SANGER INSTITUTE,ERA486605,,public,308D93DD88AE5F32EF8AA3AC02226C60,02066BD584B5989E311A3971B78C615B,Illumina_
ERR1023698,9/23/2015 14:48,3/5/2016 13:46,2723551,680887750,2723551,250,158,GCF_000019565.1,https://sra-downloadb.st-va.ncbi.nlm.nih.gov/sos1/sra-pub-run-8/ERR1023698/ERR1023698.1,ERX1102570,14032995,WGS,RANDOM,GENOMIC,PAIRED,490,85,ILLUMINA,Illumina HiSeq 2000,ERP006536,PRJEB6891,,295154,ERS711262,SAMEA3357433,simple,573,Klebsiella pneumoniae,SAMEA3357433,,,,,,,no,,,,,THE WELLCOME TRUST SANGER INSTITUTE,ERA486605,,public,EDB2222E959E5D71E6EACBFBB6A34960,034A4141A32A188C2BA39C6D0EED6F35,Illumina_
ERR1023699,9/23/2015 14:48,3/5/2016 13:47,2751207,687801750,2751207,250,163,GCF_000019565.1,https://sra-downloadb.st-va.ncbi.nlm.nih.gov/sos1/sra-pub-run-8/ERR1023699/ERR1023699.1,ERX1102571,14033007,WGS,RANDOM,GENOMIC,PAIRED,490,85,ILLUMINA,Illumina HiSeq 2000,ERP006536,PRJEB6891,,295154,ERS711264,SAMEA3357435,simple,573,Klebsiella pneumoniae,SAMEA3357435,,,,,,,no,,,,,THE WELLCOME TRUST SANGER INSTITUTE,ERA486605,,public,E2E4AAE22CA6988E53F194B0FF6F418E,17B00C87BDB21B97206C93DA903091D8,Illumina_
ERR1023702,9/23/2015 14:48,3/5/2016 13:56,2585406,646351500,2585406,250,159,GCF_000019565.1,https://sra-downloadb.st-va.ncbi.nlm.nih.gov/sos1/sra-pub-run-8/ERR1023702/ERR1023702.1,ERX1102574,14033043,WGS,RANDOM,GENOMIC,PAIRED,490,85,ILLUMINA,Illumina HiSeq 2000,ERP006536,PRJEB6891,,295154,ERS711270,SAMEA3357441,simple,573,Klebsiella pneumoniae,SAMEA3357441,,,,,,,no,,,,,THE WELLCOME TRUST SANGER INSTITUTE,ERA486605,,public,ECD0B2C83D011E1C9C73D1E934BC3487,305985B409D8FAEA9622AEE9EC1B190B,Illumina_
ERR1023703,9/23/2015 14:48,3/5/2016 14:01,2528226,632056500,2528226,250,146,GCF_000019565.1,https://sra-downloadb.st-va.ncbi.nlm.nih.gov/sos1/sra-pub-run-8/ERR1023703/ERR1023703.1,ERX1102575,14033055,WGS,RANDOM,GENOMIC,PAIRED,490,85,ILLUMINA,Illumina HiSeq 2000,ERP006536,PRJEB6891,,295154,ERS711272,SAMEA3357443,simple,573,Klebsiella pneumoniae,SAMEA3357443,,,,,,,no,,,,,THE WELLCOME TRUST SANGER INSTITUTE,ERA486605,,public,68FC549CA51A339975C286150306F1C9,3233F5A7042BCDEBD15B3210D946764F,Illumina_
ERR1023704,9/23/2015 14:48,3/5/2016 13:45,2247429,561857250,2247429,250,127,GCF_000019565.1,https://sra-downloadb.st-va.ncbi.nlm.nih.gov/sos1/sra-pub-run-8/ERR1023704/ERR1023704.1,ERX1102576,14033079,WGS,RANDOM,GENOMIC,PAIRED,490,85,ILLUMINA,Illumina HiSeq 2000,ERP006536,PRJEB6891,,295154,ERS711276,SAMEA3357447,simple,573,Klebsiella pneumoniae,SAMEA3357447,,,,,,,no,,,,,THE WELLCOME TRUST SANGER INSTITUTE,ERA486605,,public,3FF1654E6C381F748ACA710CAF56B009,C0DFE176C3E59525B55C395CB41867E6,Illumina_
ERR1023705,9/23/2015 14:48,3/5/2016 13:45,3042853,760713250,3042853,250,172,GCF_000019565.1,https://sra-downloadb.st-va.ncbi.nlm.nih.gov/sos1/sra-pub-run-8/ERR1023705/ERR1023705.1,ERX1102577,14032996,WGS,RANDOM,GENOMIC,PAIRED,490,85,ILLUMINA,Illumina HiSeq 2000,ERP006536,PRJEB6891,,295154,ERS711278,SAMEA3357449,simple,573,Klebsiella pneumoniae,SAMEA3357449,,,,,,,no,,,,,THE WELLCOME TRUST SANGER INSTITUTE,ERA486605,,public,668EB997FCED1E8760AB6A1E63906022,D3C535EA14E99285BDFFC88D7E414461,Illumina_
ERR1023629,9/23/2015 14:48,3/5/2016 13:55,2644858,661214500,2644858,250,165,GCF_000019565.1,https://sra-downloadb.st-va.ncbi.nlm.nih.gov/sos1/sra-pub-run-8/ERR1023629/ERR1023629.1,ERX1102501,14032998,WGS,RANDOM,GENOMIC,PAIRED,490,85,ILLUMINA,Illumina HiSeq 2000,ERP006536,PRJEB6891,,295154,ERS711155,SAMEA3357326,simple,573,Klebsiella pneumoniae,SAMEA3357326,,,,,,,no,,,,,THE WELLCOME TRUST SANGER INSTITUTE,ERA486605,,public,4CB789B03DF6E19EB7DCE8D04E54E91A,8C267E663A9D308A62E5463D7655B8DB,Illumina_
ERR1023630,9/23/2015 14:48,3/5/2016 13:50,2989635,747408750,2989635,250,181,GCF_000019565.1,https://sra-downloadb.st-va.ncbi.nlm.nih.gov/sos1/sra-pub-run-8/ERR1023630/ERR1023630.1,ERX1102502,14033010,WGS,RANDOM,GENOMIC,PAIRED,490,85,ILLUMINA,Illumina HiSeq 2000,ERP006536,PRJEB6891,,295154,ERS711156,SAMEA3357327,simple,573,Klebsiella pneumoniae,SAMEA3357327,,,,,,,no,,,,,THE WELLCOME TRUST SANGER INSTITUTE,ERA486605,,public,0DB013FF409A97C208F8834DCEC399BB,D5895CFC6E1535A13DB87881BFD59029,Illumina_
ERR1023633,9/23/2015 14:48,3/5/2016 13:50,3171705,792926250,3171705,250,200,GCF_000019565.1,https://sra-downloadb.st-va.ncbi.nlm.nih.gov/sos1/sra-pub-run-8/ERR1023633/ERR1023633.1,ERX1102505,14033046,WGS,RANDOM,GENOMIC,PAIRED,490,85,ILLUMINA,Illumina HiSeq 2000,ERP006536,PRJEB6891,,295154,ERS711159,SAMEA3357330,simple,573,Klebsiella pneumoniae,SAMEA3357330,,,,,,,no,,,,,THE WELLCOME TRUST SANGER INSTITUTE,ERA486605,,public,527775BF5F21FBE87CC332C9AC42E77B,A7DE294900E4F98EBDBEA989A116763C,Illumina_
ERR1023634,9/23/2015 14:48,3/5/2016 13:51,3084435,771108750,3084435,250,160,GCF_000019565.1,https://sra-downloadb.st-va.ncbi.nlm.nih.gov/sos1/sra-pub-run-10/ERR1023634/ERR1023634.1,ERX1102506,14033058,WGS,RANDOM,GENOMIC,PAIRED,490,85,ILLUMINA,Illumina HiSeq 2000,ERP006536,PRJEB6891,,295154,ERS711160,SAMEA3357331,simple,573,Klebsiella pneumoniae,SAMEA3357331,,,,,,,no,,,,,THE WELLCOME TRUST SANGER INSTITUTE,ERA486605,,public,56D26BD798D886A078BD5AA242F66714,1F1DD3800B8CD922A8B4AC6EED77CA6E,Illumina_
ERR1023638,9/23/2015 14:48,3/5/2016 13:50,2652088,663022000,2652088,250,145,GCF_000019565.1,https://sra-downloadb.st-va.ncbi.nlm.nih.gov/sos1/sra-pub-run-10/ERR1023638/ERR1023638.1,ERX1102510,14033011,WGS,RANDOM,GENOMIC,PAIRED,490,85,ILLUMINA,Illumina HiSeq 2000,ERP006536,PRJEB6891,,295154,ERS711164,SAMEA3357335,simple,573,Klebsiella pneumoniae,SAMEA3357335,,,,,,,no,,,,,THE WELLCOME TRUST SANGER INSTITUTE,ERA486605,,public,14FA74D318F14213241BA2B031FB79DA,728994A07BCBE06AF8232EBBF61717D6,Illumina_
ERR1023639,9/23/2015 14:48,3/5/2016 13:50,2591516,647879000,2591516,250,148,GCF_000019565.1,https://sra-downloadb.st-va.ncbi.nlm.nih.gov/sos1/sra-pub-run-8/ERR1023639/ERR1023639.1,ERX1102511,14033023,WGS,RANDOM,GENOMIC,PAIRED,490,85,ILLUMINA,Illumina HiSeq 2000,ERP006536,PRJEB6891,,295154,ERS711165,SAMEA3357336,simple,573,Klebsiella pneumoniae,SAMEA3357336,,,,,,,no,,,,,THE WELLCOME TRUST SANGER INSTITUTE,ERA486605,,public,1C24BE7BA93660E8F4C62F70450C6335,36485990956A6865CDB93F33F0A1BA4E,Illumina_
ERR1023640,9/23/2015 14:48,3/5/2016 13:51,2754587,688646750,2754587,250,158,GCF_000019565.1,https://sra-downloadb.st-va.ncbi.nlm.nih.gov/sos1/sra-pub-run-10/ERR1023640/ERR1023640.1,ERX1102512,14033035,WGS,RANDOM,GENOMIC,PAIRED,490,85,ILLUMINA,Illumina HiSeq 2000,ERP006536,PRJEB6891,,295154,ERS711166,SAMEA3357337,simple,573,Klebsiella pneumoniae,SAMEA3357337,,,,,,,no,,,,,THE WELLCOME TRUST SANGER INSTITUTE,ERA486605,,public,4AFA5CFD7FEECC404A8F92243F9E1621,A512F491BAAE3E12FF8EC1AE5F567230,Illumina_
ERR1008776,9/9/2015 9:01,3/6/2016 1:31,2201981,550495250,2201981,250,119,GCF_000019565.1,https://sra-downloadb.st-va.ncbi.nlm.nih.gov/sos1/sra-pub-run-8/ERR1008776/ERR1008776.1,ERX1087800,14020913,WGS,RANDOM,GENOMIC,PAIRED,505,85,ILLUMINA,Illumina HiSeq 2000,ERP006536,PRJEB6891,,295154,ERS711025,SAMEA3357196,simple,573,Klebsiella pneumoniae,SAMEA3357196,,,,,,,no,,,,,THE WELLCOME TRUST SANGER INSTITUTE,ERA476779,,public,D4B0F1536462547C2F353AC90B406727,053F6C1DBFA317929E8E9454086A2391,Illumina_
ERR1008782,9/9/2015 9:01,3/6/2016 1:38,2634744,658686000,2634744,250,105,GCF_000019565.1,https://sra-downloadb.st-va.ncbi.nlm.nih.gov/sos1/sra-pub-run-8/ERR1008782/ERR1008782.1,ERX1087806,14020890,WGS,RANDOM,GENOMIC,PAIRED,505,85,ILLUMINA,Illumina HiSeq 2000,ERP006536,PRJEB6891,,295154,ERS711039,SAMEA3357210,simple,573,Klebsiella pneumoniae,SAMEA3357210,,,,,,,no,,,,,THE WELLCOME TRUST SANGER INSTITUTE,ERA476779,,public,CF9225EE1EFAB9A13C09804747A9AF39,870704BDD8E2664C9C9F9186BE0E0F26,Illumina_
ERR1008793,9/9/2015 9:01,3/6/2016 1:43,2514925,628731250,2514925,250,128,GCF_000019565.1,https://sra-downloadb.st-va.ncbi.nlm.nih.gov/sos1/sra-pub-run-8/ERR1008793/ERR1008793.1,ERX1087817,14020939,WGS,RANDOM,GENOMIC,PAIRED,505,85,ILLUMINA,Illumina HiSeq 2000,ERP006536,PRJEB6891,,295154,ERS711066,SAMEA3357237,simple,573,Klebsiella pneumoniae,SAMEA3357237,,,,,,,no,,,,,THE WELLCOME TRUST SANGER INSTITUTE,ERA476779,,public,1031D3332B197860E0E12179BAAEA23D,5B6E1D278F8A654DEB32D335EF77039F,Illumina_
ERR1015282,9/16/2015 8:56,3/5/2016 22:45,2894120,723530000,2894120,250,133,GCF_000019565.1,https://sra-downloadb.st-va.ncbi.nlm.nih.gov/sos1/sra-pub-run-8/ERR1015282/ERR1015282.1,ERX1094342,14021378,WGS,RANDOM,GENOMIC,PAIRED,503,86,ILLUMINA,Illumina HiSeq 2000,ERP006536,PRJEB6891,,295154,ERS711072,SAMEA3357243,simple,573,Klebsiella pneumoniae,SAMEA3357243,,,,,,,no,,,,,THE WELLCOME TRUST SANGER INSTITUTE,ERA484764,,public,0509F5B1235B1C21AA3AE9D0D9422D6A,FFDB2362A4953831B077C0942686C139,Illumina_
ERR1015295,9/16/2015 8:56,3/5/2016 22:44,3134707,783676750,3134707,250,165,GCF_000019565.1,https://sra-downloadb.st-va.ncbi.nlm.nih.gov/sos1/sra-pub-run-8/ERR1015295/ERR1015295.1,ERX1094355,14021439,WGS,RANDOM,GENOMIC,PAIRED,503,86,ILLUMINA,Illumina HiSeq 2000,ERP006536,PRJEB6891,,295154,ERS711103,SAMEA3357274,simple,573,Klebsiella pneumoniae,SAMEA3357274,,,,,,,no,,,,,THE WELLCOME TRUST SANGER INSTITUTE,ERA484764,,public,AF1DF1FC7F2768690F859E79C696D29A,01D03A21ACFD4FABD5EE3494A66083F2,Illumina_
ERR1015296,9/16/2015 8:56,3/5/2016 22:43,2923926,730981500,2923926,250,127,GCF_000019565.1,https://sra-downloadb.st-va.ncbi.nlm.nih.gov/sos1/sra-pub-run-8/ERR1015296/ERR1015296.1,ERX1094356,14021451,WGS,RANDOM,GENOMIC,PAIRED,503,86,ILLUMINA,Illumina HiSeq 2000,ERP006536,PRJEB6891,,295154,ERS711105,SAMEA3357276,simple,573,Klebsiella pneumoniae,SAMEA3357276,,,,,,,no,,,,,THE WELLCOME TRUST SANGER INSTITUTE,ERA484764,,public,E2FF9DF4D710BD466ACC7E469AAC73C6,BC565581B5C5CDDF42A9AC17187972A9,Illumina_
ERR1015297,9/16/2015 8:56,3/5/2016 22:44,2699861,674965250,2699861,250,144,GCF_000019565.1,https://sra-downloadb.st-va.ncbi.nlm.nih.gov/sos1/sra-pub-run-8/ERR1015297/ERR1015297.1,ERX1094357,14021368,WGS,RANDOM,GENOMIC,PAIRED,503,86,ILLUMINA,Illumina HiSeq 2000,ERP006536,PRJEB6891,,295154,ERS711110,SAMEA3357281,simple,573,Klebsiella pneumoniae,SAMEA3357281,,,,,,,no,,,,,THE WELLCOME TRUST SANGER INSTITUTE,ERA484764,,public,6E1E7587702A0A2C234062DDCFA2471D,4CA7BC5E2655DF16545ED943EBAA8BE1,Illumina_
ERR1015299,9/16/2015 8:56,3/5/2016 22:51,3089916,772479000,3089916,250,258,GCF_000019565.1,https://sra-downloadb.st-va.ncbi.nlm.nih.gov/sos1/sra-pub-run-8/ERR1015299/ERR1015299.1,ERX1094359,14021404,WGS,RANDOM,GENOMIC,PAIRED,503,86,ILLUMINA,Illumina HiSeq 2000,ERP006536,PRJEB6891,,295154,ERS711117,SAMEA3357288,simple,573,Klebsiella pneumoniae,SAMEA3357288,,,,,,,no,,,,,THE WELLCOME TRUST SANGER INSTITUTE,ERA484764,,public,09944040E4397424C211C6119BBD1473,C5653720B6DD55A2C501C5612EEEF53D,Illumina_
ERR1015307,9/16/2015 8:56,3/5/2016 22:42,2969287,742321750,2969287,250,171,GCF_000019565.1,https://sra-downloadb.st-va.ncbi.nlm.nih.gov/sos1/sra-pub-run-8/ERR1015307/ERR1015307.1,ERX1094367,14021405,WGS,RANDOM,GENOMIC,PAIRED,503,86,ILLUMINA,Illumina HiSeq 2000,ERP006536,PRJEB6891,,295154,ERS711133,SAMEA3357304,simple,573,Klebsiella pneumoniae,SAMEA3357304,,,,,,,no,,,,,THE WELLCOME TRUST SANGER INSTITUTE,ERA484764,,public,694101CCD0BD36F5BBEFB7AB23BFFDB0,00F38340214C574EBAFE30952F912028,Illumina_
ERR1015309,9/16/2015 8:56,3/5/2016 22:48,2986872,746718000,2986872,250,179,GCF_000019565.1,https://sra-downloadb.st-va.ncbi.nlm.nih.gov/sos1/sra-pub-run-8/ERR1015309/ERR1015309.1,ERX1094369,14021453,WGS,RANDOM,GENOMIC,PAIRED,503,86,ILLUMINA,Illumina HiSeq 2000,ERP006536,PRJEB6891,,295154,ERS711137,SAMEA3357308,simple,573,Klebsiella pneumoniae,SAMEA3357308,,,,,,,no,,,,,THE WELLCOME TRUST SANGER INSTITUTE,ERA484764,,public,A6E1EDE94F32A07B855DB56F75E43BA6,55F5B605890F58880387C43792325790,Illumina_
ERR1015311,9/16/2015 8:56,3/5/2016 22:42,2741974,685493500,2741974,250,152,GCF_000019565.1,https://sra-downloadb.st-va.ncbi.nlm.nih.gov/sos1/sra-pub-run-8/ERR1015311/ERR1015311.1,ERX1094371,14021382,WGS,RANDOM,GENOMIC,PAIRED,503,86,ILLUMINA,Illumina HiSeq 2000,ERP006536,PRJEB6891,,295154,ERS711139,SAMEA3357310,simple,573,Klebsiella pneumoniae,SAMEA3357310,,,,,,,no,,,,,THE WELLCOME TRUST SANGER INSTITUTE,ERA484764,,public,5E856D796DBBA594A52350D8B71CB62C,89D1C841680B78823282549AD1EE19A6,Illumina_
ERR1015312,9/16/2015 8:56,3/5/2016 22:42,2791237,697809250,2791237,250,155,GCF_000019565.1,https://sra-downloadb.st-va.ncbi.nlm.nih.gov/sos1/sra-pub-run-8/ERR1015312/ERR1015312.1,ERX1094372,14021394,WGS,RANDOM,GENOMIC,PAIRED,503,86,ILLUMINA,Illumina HiSeq 2000,ERP006536,PRJEB6891,,295154,ERS711140,SAMEA3357311,simple,573,Klebsiella pneumoniae,SAMEA3357311,,,,,,,no,,,,,THE WELLCOME TRUST SANGER INSTITUTE,ERA484764,,public,994B759AAC6DE12FE52AA5012F981267,E3680EAA488FD46B7B6F960D64E5EDAC,Illumina_
ERR1015316,9/16/2015 8:56,3/5/2016 22:46,3128673,782168250,3128673,250,169,GCF_000019565.1,https://sra-downloadb.st-va.ncbi.nlm.nih.gov/sos1/sra-pub-run-8/ERR1015316/ERR1015316.1,ERX1094376,14021442,WGS,RANDOM,GENOMIC,PAIRED,503,86,ILLUMINA,Illumina HiSeq 2000,ERP006536,PRJEB6891,,295154,ERS711144,SAMEA3357315,simple,573,Klebsiella pneumoniae,SAMEA3357315,,,,,,,no,,,,,THE WELLCOME TRUST SANGER INSTITUTE,ERA484764,,public,C3A51A79B7436C8740797A16F02ED3FE,050E45253EF7F86B8D2D21CA90FFA35C,Illumina_
ERR1015318,9/16/2015 8:56,3/5/2016 22:42,3209216,802304000,3209216,250,181,GCF_000019565.1,https://sra-downloadb.st-va.ncbi.nlm.nih.gov/sos1/sra-pub-run-8/ERR1015318/ERR1015318.1,ERX1094378,14021371,WGS,RANDOM,GENOMIC,PAIRED,503,86,ILLUMINA,Illumina HiSeq 2000,ERP006536,PRJEB6891,,295154,ERS711146,SAMEA3357317,simple,573,Klebsiella pneumoniae,SAMEA3357317,,,,,,,no,,,,,THE WELLCOME TRUST SANGER INSTITUTE,ERA484764,,public,17A9E9F4A23F6BEA323E3B5CA7B56127,484909173FC3C355C6106A86D68B4FCA,Illumina_
ERR1015322,9/16/2015 8:56,3/5/2016 22:41,3246819,811704750,3246819,250,187,GCF_000019565.1,https://sra-downloadb.st-va.ncbi.nlm.nih.gov/sos1/sra-pub-run-8/ERR1015322/ERR1015322.1,ERX1094382,14021443,WGS,RANDOM,GENOMIC,PAIRED,503,86,ILLUMINA,Illumina HiSeq 2000,ERP006536,PRJEB6891,,295154,ERS711152,SAMEA3357323,simple,573,Klebsiella pneumoniae,SAMEA3357323,,,,,,,no,,,,,THE WELLCOME TRUST SANGER INSTITUTE,ERA484764,,public,6CCED87341EA0DC5EB944DDAA3F7759C,9BC9E15917FD5DB7D17EAB55471DFE9B,Illumina_
ERR1015323,9/16/2015 8:56,3/5/2016 22:41,3075464,768866000,3075464,250,190,GCF_000019565.1,https://sra-downloadb.st-va.ncbi.nlm.nih.gov/sos1/sra-pub-run-8/ERR1015323/ERR1015323.1,ERX1094383,14021455,WGS,RANDOM,GENOMIC,PAIRED,503,86,ILLUMINA,Illumina HiSeq 2000,ERP006536,PRJEB6891,,295154,ERS711153,SAMEA3357324,simple,573,Klebsiella pneumoniae,SAMEA3357324,,,,,,,no,,,,,THE WELLCOME TRUST SANGER INSTITUTE,ERA484764,,public,AF75438710851C615B52EB281C81041E,553CFD25C27C9B65DB4629897A0A7BB4,Illumina_
ERR1008687,9/9/2015 9:01,2/28/2016 2:08,2905305,726326250,2905305,250,162,GCF_000019565.1,https://sra-downloadb.st-va.ncbi.nlm.nih.gov/sos2/sra-pub-run-4/ERR1008687/ERR1008687.1,ERX1087711,14021518,WGS,RANDOM,GENOMIC,PAIRED,489,83,ILLUMINA,Illumina HiSeq 2000,ERP006536,PRJEB6891,,295154,ERS710851,SAMEA3357022,simple,573,Klebsiella pneumoniae,SAMEA3357022,,,,,,,no,,,,,THE WELLCOME TRUST SANGER INSTITUTE,ERA476779,,public,FDA9A2F1B1D621D5A5354B9E14EA4FFC,722DE045EC303910ABEF4E59F3AF1B10,Illumina_
ERR1008707,9/9/2015 9:01,2/28/2016 2:03,2801538,700384500,2801538,250,139,GCF_000019565.1,https://sra-downloadb.st-va.ncbi.nlm.nih.gov/sos2/sra-pub-run-4/ERR1008707/ERR1008707.1,ERX1087731,14021485,WGS,RANDOM,GENOMIC,PAIRED,489,83,ILLUMINA,Illumina HiSeq 2000,ERP006536,PRJEB6891,,295154,ERS710893,SAMEA3357064,simple,573,Klebsiella pneumoniae,SAMEA3357064,,,,,,,no,,,,,THE WELLCOME TRUST SANGER INSTITUTE,ERA476779,,public,DEC1C7E9F71FF237B11BF9C548AE047C,6B31BEBDDE113BAA0FF74538B3FB0F50,Illumina_
ERR1008753,9/9/2015 9:01,2/28/2016 1:59,2707800,676950000,2707800,250,211,GCF_000019565.1,https://sra-downloadb.st-va.ncbi.nlm.nih.gov/sos2/sra-pub-run-4/ERR1008753/ERR1008753.1,ERX1087777,14020922,WGS,RANDOM,GENOMIC,PAIRED,505,85,ILLUMINA,Illumina HiSeq 2000,ERP006536,PRJEB6891,,295154,ERS710980,SAMEA3357151,simple,573,Klebsiella pneumoniae,SAMEA3357151,,,,,,,no,,,,,THE WELLCOME TRUST SANGER INSTITUTE,ERA476779,,public,36DBD1EBC7ECC601DD71793028509D7C,D02FA7CD69E1D5C0B890A87437ABB37B,Illumina_
ERR1008757,9/9/2015 9:01,2/28/2016 1:59,2032385,508096250,2032385,250,108,GCF_000019565.1,https://sra-downloadb.st-va.ncbi.nlm.nih.gov/sos2/sra-pub-run-4/ERR1008757/ERR1008757.1,ERX1087781,14020970,WGS,RANDOM,GENOMIC,PAIRED,505,85,ILLUMINA,Illumina HiSeq 2000,ERP006536,PRJEB6891,,295154,ERS710988,SAMEA3357159,simple,573,Klebsiella pneumoniae,SAMEA3357159,,,,,,,no,,,,,THE WELLCOME TRUST SANGER INSTITUTE,ERA476779,,public,CC36790E7753502DEAF1B7563BFBF6DA,C9AC7D313D13F645F98253F627A2D375,Illumina_
ERR1008760,9/9/2015 9:01,3/6/2016 1:53,2203465,550866250,2203465,250,125,GCF_000019565.1,https://sra-downloadb.st-va.ncbi.nlm.nih.gov/sos1/sra-pub-run-8/ERR1008760/ERR1008760.1,ERX1087784,14020911,WGS,RANDOM,GENOMIC,PAIRED,505,85,ILLUMINA,Illumina HiSeq 2000,ERP006536,PRJEB6891,,295154,ERS710994,SAMEA3357165,simple,573,Klebsiella pneumoniae,SAMEA3357165,,,,,,,no,,,,,THE WELLCOME TRUST SANGER INSTITUTE,ERA476779,,public,2575100A45A423F3DEFB66EF4A5336EE,30F476038374FDFF5616473D442FD4DF,Illumina_
ERR1008770,9/9/2015 9:01,3/6/2016 1:52,2108818,527204500,2108818,250,106,GCF_000019565.1,https://sra-downloadb.st-va.ncbi.nlm.nih.gov/sos1/sra-pub-run-8/ERR1008770/ERR1008770.1,ERX1087794,14020936,WGS,RANDOM,GENOMIC,PAIRED,505,85,ILLUMINA,Illumina HiSeq 2000,ERP006536,PRJEB6891,,295154,ERS711013,SAMEA3357184,simple,573,Klebsiella pneumoniae,SAMEA3357184,,,,,,,no,,,,,THE WELLCOME TRUST SANGER INSTITUTE,ERA476779,,public,3A8BA49C20269EF581365735EB6DAB1D,E295579E333CE35CE5979A8E34615355,Illumina_
ERR1008771,9/9/2015 9:01,3/6/2016 1:51,2120768,530192000,2120768,250,117,GCF_000019565.1,https://sra-downloadb.st-va.ncbi.nlm.nih.gov/sos1/sra-pub-run-8/ERR1008771/ERR1008771.1,ERX1087795,14020948,WGS,RANDOM,GENOMIC,PAIRED,505,85,ILLUMINA,Illumina HiSeq 2000,ERP006536,PRJEB6891,,295154,ERS711015,SAMEA3357186,simple,573,Klebsiella pneumoniae,SAMEA3357186,,,,,,,no,,,,,THE WELLCOME TRUST SANGER INSTITUTE,ERA476779,,public,8C0D5431F4520284E9D8D2EB4C5709B2,2C8C2FCA1750CED9BA824865874C9BB4,Illumina_
ERR1008723,9/9/2015 9:01,2/28/2016 2:00,2798918,699729500,2798918,250,145,GCF_000019565.1,https://sra-downloadb.st-va.ncbi.nlm.nih.gov/sos2/sra-pub-run-4/ERR1008723/ERR1008723.1,ERX1087747,14020930,WGS,RANDOM,GENOMIC,PAIRED,505,85,ILLUMINA,Illumina HiSeq 2000,ERP006536,PRJEB6891,,295154,ERS711071,SAMEA3357242,simple,573,Klebsiella pneumoniae,SAMEA3357242,,,,,,,no,,,,,THE WELLCOME TRUST SANGER INSTITUTE,ERA476779,,public,8EDA6439D1D18F62073BCD65F66F8852,C82B851FD536DB1633E09349E5F95327,Illumina_
ERR1008739,9/9/2015 9:01,2/28/2016 2:01,3054708,763677000,3054708,250,165,GCF_000019565.1,https://sra-downloadb.st-va.ncbi.nlm.nih.gov/sos2/sra-pub-run-4/ERR1008739/ERR1008739.1,ERX1087763,14020944,WGS,RANDOM,GENOMIC,PAIRED,505,85,ILLUMINA,Illumina HiSeq 2000,ERP006536,PRJEB6891,,295154,ERS711106,SAMEA3357277,simple,573,Klebsiella pneumoniae,SAMEA3357277,,,,,,,no,,,,,THE WELLCOME TRUST SANGER INSTITUTE,ERA476779,,public,2EED2EC3C1D1D2C72481A764064D6061,92261DDE26BA54EC03B7D2395E01E98F,Illumina_
ERR1008749,9/9/2015 9:01,2/28/2016 2:00,2100311,525077750,2100311,250,107,GCF_000019565.1,https://sra-downloadb.st-va.ncbi.nlm.nih.gov/sos2/sra-pub-run-4/ERR1008749/ERR1008749.1,ERX1087773,14020969,WGS,RANDOM,GENOMIC,PAIRED,505,85,ILLUMINA,Illumina HiSeq 2000,ERP006536,PRJEB6891,,295154,ERS711125,SAMEA3357296,simple,573,Klebsiella pneumoniae,SAMEA3357296,,,,,,,no,,,,,THE WELLCOME TRUST SANGER INSTITUTE,ERA476779,,public,36D4498FF2E33FFEB53FEDA9EDA3966C,5C71260EC0596E3872CA379B7D0DB030,Illumina_
ERR1008668,9/9/2015 9:01,2/28/2016 2:03,2691054,672763500,2691054,250,129,GCF_000019565.1,https://sra-downloadb.st-va.ncbi.nlm.nih.gov/sos2/sra-pub-run-4/ERR1008668/ERR1008668.1,ERX1087692,14021480,WGS,RANDOM,GENOMIC,PAIRED,489,83,ILLUMINA,Illumina HiSeq 2000,ERP006536,PRJEB6891,,295154,ERS710810,SAMEA3356981,simple,573,Klebsiella pneumoniae,SAMEA3356981,,,,,,,no,,,,,THE WELLCOME TRUST SANGER INSTITUTE,ERA476779,,public,632FEB2A12C4E8C9638165DB0084CCE7,C956B754BF0F68E32844B8369B9481D1,Illumina_
ERR1008629,9/9/2015 9:01,2/28/2016 2:06,3064776,766194000,3064776,250,163,GCF_000019565.1,https://sra-downloadb.st-va.ncbi.nlm.nih.gov/sos2/sra-pub-run-4/ERR1008629/ERR1008629.1,ERX1087653,14021487,WGS,RANDOM,GENOMIC,PAIRED,489,83,ILLUMINA,Illumina HiSeq 2000,ERP006536,PRJEB6891,,295154,ERS710892,SAMEA3357063,simple,573,Klebsiella pneumoniae,SAMEA3357063,,,,,,,no,,,,,THE WELLCOME TRUST SANGER INSTITUTE,ERA476779,,public,069369FD2F29731800B3228FA11574E0,CD67426F6BB8A12BB2F1E6BDDE891504,Illumina_
ERR1008631,9/9/2015 9:01,2/28/2016 2:06,2695487,673871750,2695487,250,133,GCF_000019565.1,https://sra-downloadb.st-va.ncbi.nlm.nih.gov/sos2/sra-pub-run-4/ERR1008631/ERR1008631.1,ERX1087655,14021511,WGS,RANDOM,GENOMIC,PAIRED,489,83,ILLUMINA,Illumina HiSeq 2000,ERP006536,PRJEB6891,,295154,ERS710897,SAMEA3357068,simple,573,Klebsiella pneumoniae,SAMEA3357068,,,,,,,no,,,,,THE WELLCOME TRUST SANGER INSTITUTE,ERA476779,,public,6F0F3D251E9B269863F2B3E4A09CA6B0,5D6F6BC85B3BAB22561214EBD2E209B3,Illumina_
ERR1008632,9/9/2015 9:01,2/28/2016 2:05,2337641,584410250,2337641,250,121,GCF_000019565.1,https://sra-downloadb.st-va.ncbi.nlm.nih.gov/sos2/sra-pub-run-4/ERR1008632/ERR1008632.1,ERX1087656,14021523,WGS,RANDOM,GENOMIC,PAIRED,489,83,ILLUMINA,Illumina HiSeq 2000,ERP006536,PRJEB6891,,295154,ERS710899,SAMEA3357070,simple,573,Klebsiella pneumoniae,SAMEA3357070,,,,,,,no,,,,,THE WELLCOME TRUST SANGER INSTITUTE,ERA476779,,public,5FDE764899576AEC4D84312476CF314F,975188E42465432C607F4CB7665F8791,Illumina_
ERR1008633,9/9/2015 9:01,2/28/2016 2:06,2389281,597320250,2389281,250,119,GCF_000019565.1,https://sra-downloadb.st-va.ncbi.nlm.nih.gov/sos2/sra-pub-run-4/ERR1008633/ERR1008633.1,ERX1087657,14021535,WGS,RANDOM,GENOMIC,PAIRED,489,83,ILLUMINA,Illumina HiSeq 2000,ERP006536,PRJEB6891,,295154,ERS710901,SAMEA3357072,simple,573,Klebsiella pneumoniae,SAMEA3357072,,,,,,,no,,,,,THE WELLCOME TRUST SANGER INSTITUTE,ERA476779,,public,4C3B594852E10DBCBBF00387D0912CB5,61F38190537D4CFD68CF33346478A9BB,Illumina_
ERR1008651,9/9/2015 9:01,2/28/2016 2:04,2218869,554717250,2218869,250,109,GCF_000019565.1,https://sra-downloadb.st-va.ncbi.nlm.nih.gov/sos2/sra-pub-run-4/ERR1008651/ERR1008651.1,ERX1087675,14021466,WGS,RANDOM,GENOMIC,PAIRED,489,83,ILLUMINA,Illumina HiSeq 2000,ERP006536,PRJEB6891,,295154,ERS710937,SAMEA3357108,simple,573,Klebsiella pneumoniae,SAMEA3357108,,,,,,,no,,,,,THE WELLCOME TRUST SANGER INSTITUTE,ERA476779,,public,DAB287EB12162CEE13B25A78493DA137,D6B5CA6E0598DAC37569DD0F71C390DD,Illumina_
SRR5082451,12/11/2016 20:03,12/6/2016 20:00,2201507,550376750,2201507,250,193,,https://sra-downloadb.st-va.ncbi.nlm.nih.gov/sos1/sra-pub-run-10/SRR5082451/SRR5082451.1,SRX2400458,AH0027,WGS,RANDOM,GENOMIC,PAIRED,0,0,ILLUMINA,Illumina HiSeq 2500,SRP094663,PRJNA351909,,351909,SRS1840563,SAMN06112194,simple,573,Klebsiella pneumoniae,AH0027_C4PNMANXX_CGTACTAG-AAGGAGTA_L006,,,,,,,no,,,,,UNIVERSITY OF MELBOURNE,SRA501232,,public,8B67FE8A8BBE2FEC57832F68305627E3,3CCF8329454A4F4C6C9A9E353A88E33E,Illumina_
SRR5082468,12/11/2016 20:03,12/6/2016 20:00,1265455,316363750,1265455,250,117,,https://sra-downloadb.st-va.ncbi.nlm.nih.gov/sos1/sra-pub-run-10/SRR5082468/SRR5082468.1,SRX2400475,AH0034R,WGS,RANDOM,GENOMIC,PAIRED,0,0,ILLUMINA,Illumina HiSeq 2500,SRP094663,PRJNA351909,,351909,SRS1840582,SAMN06112195,simple,573,Klebsiella pneumoniae,AH0034R_C4PNMANXX_TCCTGAGC-AAGGAGTA_L006,,,,,,,no,,,,,UNIVERSITY OF MELBOURNE,SRA501232,,public,33848838ADA6DCEFD8E8F4A39AB6DB20,561EAF1D19AF614A2A490F48F598BB4F,Illumina_
SRR5082490,12/11/2016 20:04,12/6/2016 20:01,2045265,511316250,2045265,250,181,,https://sra-downloadb.st-va.ncbi.nlm.nih.gov/sos1/sra-pub-run-10/SRR5082490/SRR5082490.1,SRX2400496,AH0034T,WGS,RANDOM,GENOMIC,PAIRED,0,0,ILLUMINA,Illumina HiSeq 2500,SRP094663,PRJNA351909,,351909,SRS1840603,SAMN06112196,simple,573,Klebsiella pneumoniae,AH0034T_C4PNMANXX_AGGCAGAA-AAGGAGTA_L006,,,,,,,no,,,,,UNIVERSITY OF MELBOURNE,SRA501232,,public,47FE0E3BC14AD2FB5A430895F4B9BE41,8D85B8904F46B7078C02D2F3BB66B00E,Illumina_
SRR5082456,12/11/2016 20:03,12/6/2016 20:00,1906639,476659750,1906639,250,166,,https://sra-downloadb.st-va.ncbi.nlm.nih.gov/sos1/sra-pub-run-10/SRR5082456/SRR5082456.1,SRX2400463,AH0095,WGS,RANDOM,GENOMIC,PAIRED,0,0,ILLUMINA,Illumina HiSeq 2500,SRP094663,PRJNA351909,,351909,SRS1840569,SAMN06112197,simple,573,Klebsiella pneumoniae,AH0095_C4PNMANXX_GGACTCCT-AAGGAGTA_L006,,,,,,,no,,,,,UNIVERSITY OF MELBOURNE,SRA501232,,public,CD2C832A89393F7A0FA08A3DF375E54D,A8C7BB1A25D5424A19D939973F1A780C,Illumina_
SRR5082475,12/11/2016 20:03,12/6/2016 20:00,1806146,451536500,1806146,250,159,,https://sra-downloadb.st-va.ncbi.nlm.nih.gov/sos1/sra-pub-run-10/SRR5082475/SRR5082475.1,SRX2400481,AH0148,WGS,RANDOM,GENOMIC,PAIRED,0,0,ILLUMINA,Illumina HiSeq 2500,SRP094663,PRJNA351909,,351909,SRS1840588,SAMN06112198,simple,573,Klebsiella pneumoniae,AH0148_C4PNMANXX_TAGGCATG-AAGGAGTA_L006,,,,,,,no,,,,,UNIVERSITY OF MELBOURNE,SRA501232,,public,F144D4232F2AFA55EBEEF51A77A41EE1,7112886814954DC7202745E8107ACD80,Illumina_
SRR5082489,12/11/2016 20:04,12/6/2016 20:01,1871821,467955250,1871821,250,164,,https://sra-downloadb.st-va.ncbi.nlm.nih.gov/sos1/sra-pub-run-10/SRR5082489/SRR5082489.1,SRX2400495,AH0225,WGS,RANDOM,GENOMIC,PAIRED,0,0,ILLUMINA,Illumina HiSeq 2500,SRP094663,PRJNA351909,,351909,SRS1840601,SAMN06112199,simple,573,Klebsiella pneumoniae,AH0225_C4PNMANXX_CTCTCTAC-AAGGAGTA_L006,,,,,,,no,,,,,UNIVERSITY OF MELBOURNE,SRA501232,,public,7BE55A61D317CBDF3A4886331FD54CD7,F3361A070ABA9EEF29E0E471346C1D75,Illumina_
SRR5082487,12/11/2016 20:04,12/6/2016 20:01,2163464,540866000,2163464,250,190,,https://sra-downloadb.st-va.ncbi.nlm.nih.gov/sos1/sra-pub-run-10/SRR5082487/SRR5082487.1,SRX2400493,AH0255,WGS,RANDOM,GENOMIC,PAIRED,0,0,ILLUMINA,Illumina HiSeq 2500,SRP094663,PRJNA351909,,351909,SRS1840600,SAMN06112200,simple,573,Klebsiella pneumoniae,AH0255_C4PNMANXX_CAGAGAGG-AAGGAGTA_L006,,,,,,,no,,,,,UNIVERSITY OF MELBOURNE,SRA501232,,public,2C8DA37C9835E52D8FCF49B7926EF460,6128842B691A848A706853BA94D7BD87,Illumina_
SRR5082481,12/11/2016 20:03,12/6/2016 20:01,1743307,435826750,1743307,250,158,,https://sra-downloadb.st-va.ncbi.nlm.nih.gov/sos1/sra-pub-run-10/SRR5082481/SRR5082481.1,SRX2400487,AH0297,WGS,RANDOM,GENOMIC,PAIRED,0,0,ILLUMINA,Illumina HiSeq 2500,SRP094663,PRJNA351909,,351909,SRS1840595,SAMN06112201,simple,573,Klebsiella pneumoniae,AH0297_C4PNMANXX_CGAGGCTG-AAGGAGTA_L006,,,,,,,no,,,,,UNIVERSITY OF MELBOURNE,SRA501232,,public,E27EA90AE733497F39B8ACB0010F03DA,A0ADBDBC7A788FEF4361AACEFE18E729,Illumina_
SRR5082477,12/11/2016 20:03,12/6/2016 20:01,2017881,504470250,2017881,250,178,,https://sra-downloadb.st-va.ncbi.nlm.nih.gov/sos1/sra-pub-run-10/SRR5082477/SRR5082477.1,SRX2400483,AH0352,WGS,RANDOM,GENOMIC,PAIRED,0,0,ILLUMINA,Illumina HiSeq 2500,SRP094663,PRJNA351909,,351909,SRS1840590,SAMN06112202,simple,573,Klebsiella pneumoniae,AH0352_C4PNMANXX_AAGAGGCA-AAGGAGTA_L006,,,,,,,no,,,,,UNIVERSITY OF MELBOURNE,SRA501232,,public,A1B76660BEBCE106D8016418CA7DBDCF,F76FD6439C604F176EFC41AB61D9909D,Illumina_
SRR5082460,12/11/2016 20:03,12/6/2016 20:00,2390603,597650750,2390603,250,202,,https://sra-downloadb.st-va.ncbi.nlm.nih.gov/sos1/sra-pub-run-10/SRR5082460/SRR5082460.1,SRX2400467,AH0360,WGS,RANDOM,GENOMIC,PAIRED,0,0,ILLUMINA,Illumina HiSeq 2500,SRP094663,PRJNA351909,,351909,SRS1840574,SAMN06112203,simple,573,Klebsiella pneumoniae,AH0360_C4PNMANXX_GTAGAGGA-AAGGAGTA_L006,,,,,,,no,,,,,UNIVERSITY OF MELBOURNE,SRA501232,,public,B539282F54B641254BFDCC106258ED92,3CDD104C4DEEF4F048B0FF4729EDE059,Illumina_
SRR5082446,12/11/2016 20:03,12/6/2016 20:00,1920912,480228000,1920912,250,167,,https://sra-downloadb.st-va.ncbi.nlm.nih.gov/sos1/sra-pub-run-10/SRR5082446/SRR5082446.1,SRX2400453,AH0424,WGS,RANDOM,GENOMIC,PAIRED,0,0,ILLUMINA,Illumina HiSeq 2500,SRP094663,PRJNA351909,,351909,SRS1840560,SAMN06112204,simple,573,Klebsiella pneumoniae,AH0424_C4PNMANXX_CGTACTAG-CTAAGCCT_L006,,,,,,,no,,,,,UNIVERSITY OF MELBOURNE,SRA501232,,public,B8D33BD45652914D52A8B53177762191,AB02DDA15A7CB97F9385BD52655D8648,Illumina_
SRR5082476,12/11/2016 20:03,12/6/2016 20:01,2025349,506337250,2025349,250,181,,https://sra-downloadb.st-va.ncbi.nlm.nih.gov/sos1/sra-pub-run-10/SRR5082476/SRR5082476.1,SRX2400482,AH0549,WGS,RANDOM,GENOMIC,PAIRED,0,0,ILLUMINA,Illumina HiSeq 2500,SRP094663,PRJNA351909,,351909,SRS1840589,SAMN06112205,simple,573,Klebsiella pneumoniae,AH0549_C4PNMANXX_AGGCAGAA-CTAAGCCT_L006,,,,,,,no,,,,,UNIVERSITY OF MELBOURNE,SRA501232,,public,E70CB85F0ABAA43A737ACC68811525D3,5A1310261039E751FF050EEACA514AF0,Illumina_
SRR5082486,12/11/2016 20:04,12/6/2016 20:01,2133804,533451000,2133804,250,184,,https://sra-downloadb.st-va.ncbi.nlm.nih.gov/sos1/sra-pub-run-10/SRR5082486/SRR5082486.1,SRX2400492,AH0586,WGS,RANDOM,GENOMIC,PAIRED,0,0,ILLUMINA,Illumina HiSeq 2500,SRP094663,PRJNA351909,,351909,SRS1840599,SAMN06112206,simple,573,Klebsiella pneumoniae,AH0586_C4PNMANXX_TCCTGAGC-CTAAGCCT_L006,,,,,,,no,,,,,UNIVERSITY OF MELBOURNE,SRA501232,,public,D36F6EC15BBA5F9C305AF02D1FF78CAA,8FA7BFE64CB4150CA041510DCA8940C8,Illumina_
SRR5082452,12/11/2016 20:03,12/6/2016 20:00,2257686,564421500,2257686,250,191,,https://sra-downloadb.st-va.ncbi.nlm.nih.gov/sos1/sra-pub-run-10/SRR5082452/SRR5082452.1,SRX2400459,AH0620,WGS,RANDOM,GENOMIC,PAIRED,0,0,ILLUMINA,Illumina HiSeq 2500,SRP094663,PRJNA351909,,351909,SRS1840566,SAMN06112207,simple,573,Klebsiella pneumoniae,AH0620_C4PNMANXX_GGACTCCT-CTAAGCCT_L006,,,,,,,no,,,,,UNIVERSITY OF MELBOURNE,SRA501232,,public,CD19D8D0BFDE67FFFA90683EDB076FDA,C388FDD7E06F198166D9A82C0B71FF81,Illumina_
SRR5082462,12/11/2016 20:03,12/6/2016 20:00,1688163,771845075,1688163,457,444,,https://sra-downloadb.st-va.ncbi.nlm.nih.gov/sos1/sra-pub-run-10/SRR5082462/SRR5082462.1,SRX2400469,AUSMDU00003471,WGS,RANDOM,GENOMIC,PAIRED,0,0,ILLUMINA,Illumina MiSeq,SRP094663,PRJNA351909,,351909,SRS1840577,SAMN06112208,simple,573,Klebsiella pneumoniae,AUSMDU00003471_S3_L001,,,,,,,no,,,,,UNIVERSITY OF MELBOURNE,SRA501232,,public,C381597F69ED4657643B1D581864E834,679D2543FD906FD7EDEF2436A7581242,Illumina_
SRR5082448,12/11/2016 20:03,12/6/2016 20:00,1588177,620611395,1588177,390,339,,https://sra-downloadb.st-va.ncbi.nlm.nih.gov/sos1/sra-pub-run-10/SRR5082448/SRR5082448.1,SRX2400455,AUSMDU00003472,WGS,RANDOM,GENOMIC,PAIRED,0,0,ILLUMINA,Illumina MiSeq,SRP094663,PRJNA351909,,351909,SRS1840561,SAMN06112239,simple,573,Klebsiella pneumoniae,AUSMDU00003472_S4_L001,,,,,,,no,,,,,UNIVERSITY OF MELBOURNE,SRA501232,,public,361AF85987C57344026B27BBF14A9AC5,1E5D023E11EA1059331D6A9114A27FDE,Illumina_
SRR5082457,12/11/2016 20:03,12/6/2016 20:01,1716525,786186902,1716525,458,458,,https://sra-downloadb.st-va.ncbi.nlm.nih.gov/sos1/sra-pub-run-10/SRR5082457/SRR5082457.1,SRX2400464,AUSMDU00003473,WGS,RANDOM,GENOMIC,PAIRED,0,0,ILLUMINA,Illumina MiSeq,SRP094663,PRJNA351909,,351909,SRS1840571,SAMN06112209,simple,573,Klebsiella pneumoniae,AUSMDU00003473_S5_L001,,,,,,,no,,,,,UNIVERSITY OF MELBOURNE,SRA501232,,public,F21A6D9230990D8863BAB87F2B2A4938,F4D6B45823431A20D7E561ECFA8917E5,Illumina_
SRR5082466,12/11/2016 20:03,12/6/2016 20:00,1407001,621339370,1407001,441,377,,https://sra-downloadb.st-va.ncbi.nlm.nih.gov/sos1/sra-pub-run-10/SRR5082466/SRR5082466.1,SRX2400473,AUSMDU00003475,WGS,RANDOM,GENOMIC,PAIRED,0,0,ILLUMINA,Illumina MiSeq,SRP094663,PRJNA351909,,351909,SRS1840579,SAMN06112210,simple,573,Klebsiella pneumoniae,AUSMDU00003475_S7_L001,,,,,,,no,,,,,UNIVERSITY OF MELBOURNE,SRA501232,,public,263F9177B6D9BFB14F60A793FB2F8F92,44063677D7B44DE2D91552C72BD3CD1C,Illumina_
SRR5082472,12/11/2016 20:03,12/6/2016 20:01,807358,312961386,807358,387,204,,https://sra-downloadb.st-va.ncbi.nlm.nih.gov/sos1/sra-pub-run-10/SRR5082472/SRR5082472.1,SRX2400479,AUSMDU00003476,WGS,RANDOM,GENOMIC,PAIRED,0,0,ILLUMINA,Illumina MiSeq,SRP094663,PRJNA351909,,351909,SRS1840585,SAMN06112240,simple,573,Klebsiella pneumoniae,AUSMDU00003476_S8_L001,,,,,,,no,,,,,UNIVERSITY OF MELBOURNE,SRA501232,,public,A20C460C03662F055E7D6A7D0282E057,43A7F5C6AF521A27C60A6BCAFE577B63,Illumina_
SRR5082467,12/11/2016 20:03,12/6/2016 20:01,1522468,759485747,1522468,498,458,,https://sra-downloadb.st-va.ncbi.nlm.nih.gov/sos1/sra-pub-run-10/SRR5082467/SRR5082467.1,SRX2400474,AUSMDU00003477,WGS,RANDOM,GENOMIC,PAIRED,0,0,ILLUMINA,Illumina MiSeq,SRP094663,PRJNA351909,,351909,SRS1840581,SAMN06112211,simple,573,Klebsiella pneumoniae,AUSMDU00003477_S9_L001,,,,,,,no,,,,,UNIVERSITY OF MELBOURNE,SRA501232,,public,38B95142D3B1B150ED2F2D46B2F36639,E0FD7D71A9A80066A58E58F9BAF44E75,Illumina_
SRR5082474,12/11/2016 20:04,12/6/2016 20:00,1505148,752589097,1505148,500,458,,https://sra-downloadb.st-va.ncbi.nlm.nih.gov/sos1/sra-pub-run-10/SRR5082474/SRR5082474.1,SRX2400480,AUSMDU00003478,WGS,RANDOM,GENOMIC,PAIRED,0,0,ILLUMINA,Illumina MiSeq,SRP094663,PRJNA351909,,351909,SRS1840587,SAMN06112212,simple,573,Klebsiella pneumoniae,AUSMDU00003478_S10_L001,,,,,,,no,,,,,UNIVERSITY OF MELBOURNE,SRA501232,,public,0E6EB0BFAA5387F7CAEC8DA5C6412A93,1BDB15D98EDD2F971C6C3A8282103CEA,Illumina_
SRR5082471,12/11/2016 20:03,12/6/2016 20:01,1520340,685584856,1520340,450,408,,https://sra-downloadb.st-va.ncbi.nlm.nih.gov/sos1/sra-pub-run-10/SRR5082471/SRR5082471.1,SRX2400478,AUSMDU00003480,WGS,RANDOM,GENOMIC,PAIRED,0,0,ILLUMINA,Illumina MiSeq,SRP094663,PRJNA351909,,351909,SRS1840586,SAMN06112214,simple,573,Klebsiella pneumoniae,AUSMDU00003480_S12_L001,,,,,,,no,,,,,UNIVERSITY OF MELBOURNE,SRA501232,,public,CD5F5BAFCEF754FECAC5503FCFA3D805,196757BF35C776FDBC05024C6291E829,Illumina_
SRR5082491,12/11/2016 20:04,12/6/2016 20:01,1524183,720828056,1524183,472,443,,https://sra-downloadb.st-va.ncbi.nlm.nih.gov/sos1/sra-pub-run-10/SRR5082491/SRR5082491.1,SRX2400497,AUSMDU00003483,WGS,RANDOM,GENOMIC,PAIRED,0,0,ILLUMINA,Illumina MiSeq,SRP094663,PRJNA351909,,351909,SRS1840604,SAMN06112215,simple,573,Klebsiella pneumoniae,AUSMDU00003483_S15_L001,,,,,,,no,,,,,UNIVERSITY OF MELBOURNE,SRA501232,,public,3318C20CE9167146B858CB73F2A54C3C,3D3496B186F6B04208A231B031A4D195,Illumina_
SRR5082444,12/11/2016 20:03,12/6/2016 20:00,1747261,789058878,1747261,451,457,,https://sra-downloadb.st-va.ncbi.nlm.nih.gov/sos1/sra-pub-run-10/SRR5082444/SRR5082444.1,SRX2400451,AUSMDU00003485,WGS,RANDOM,GENOMIC,PAIRED,0,0,ILLUMINA,Illumina MiSeq,SRP094663,PRJNA351909,,351909,SRS1840558,SAMN06112216,simple,573,Klebsiella pneumoniae,AUSMDU00003485_S9_L001,,,,,,,no,,,,,UNIVERSITY OF MELBOURNE,SRA501232,,public,E0E51C582662580F34C96AA58E20E473,7C2D16FD5CD8641B699D501440FA03F1,Illumina_
SRR5082450,12/11/2016 20:03,12/6/2016 20:01,1738436,972255036,1738436,559,603,,https://sra-downloadb.st-va.ncbi.nlm.nih.gov/sos1/sra-pub-run-10/SRR5082450/SRR5082450.1,SRX2400457,AUSMDU00003488,WGS,RANDOM,GENOMIC,PAIRED,0,0,ILLUMINA,Illumina MiSeq,SRP094663,PRJNA351909,,351909,SRS1840565,SAMN06112217,simple,573,Klebsiella pneumoniae,AUSMDU00003488_S1_L001,,,,,,,no,,,,,UNIVERSITY OF MELBOURNE,SRA501232,,public,E8211E588833495ABFA8005C600722B0,546AC518194B9A3A7AA5E8EE535981E7,Illumina_
SRR5082459,12/11/2016 20:03,12/6/2016 20:01,1796884,998412532,1796884,555,605,,https://sra-downloadb.st-va.ncbi.nlm.nih.gov/sos1/sra-pub-run-10/SRR5082459/SRR5082459.1,SRX2400466,AUSMDU00003493,WGS,RANDOM,GENOMIC,PAIRED,0,0,ILLUMINA,Illumina MiSeq,SRP094663,PRJNA351909,,351909,SRS1840572,SAMN06112218,simple,573,Klebsiella pneumoniae,AUSMDU00003493_S11_L001,,,,,,,no,,,,,UNIVERSITY OF MELBOURNE,SRA501232,,public,2538219E828F0AE59E37ABCB48C041C0,B7CEA385F3C046F105C8BCD0FAC7573E,Illumina_
SRR5082458,12/11/2016 20:03,12/6/2016 20:01,1684531,916726004,1684531,544,554,,https://sra-downloadb.st-va.ncbi.nlm.nih.gov/sos1/sra-pub-run-10/SRR5082458/SRR5082458.1,SRX2400465,AUSMDU00003494,WGS,RANDOM,GENOMIC,PAIRED,0,0,ILLUMINA,Illumina MiSeq,SRP094663,PRJNA351909,,351909,SRS1840573,SAMN06112219,simple,573,Klebsiella pneumoniae,AUSMDU00003494_S13_L001,,,,,,,no,,,,,UNIVERSITY OF MELBOURNE,SRA501232,,public,A942242D92F6A44934083BE6C46764ED,DDC037ADDA099758EF9766F1F0F6DE5B,Illumina_
SRR5082455,12/11/2016 20:03,12/6/2016 20:01,1726404,953592811,1726404,552,563,,https://sra-downloadb.st-va.ncbi.nlm.nih.gov/sos1/sra-pub-run-10/SRR5082455/SRR5082455.1,SRX2400462,AUSMDU00003497,WGS,RANDOM,GENOMIC,PAIRED,0,0,ILLUMINA,Illumina MiSeq,SRP094663,PRJNA351909,,351909,SRS1840570,SAMN06112220,simple,573,Klebsiella pneumoniae,AUSMDU00003497_S4_L001,,,,,,,no,,,,,UNIVERSITY OF MELBOURNE,SRA501232,,public,AD1C7DFB3A17E8F40FE4565617BC1A63,47C3AC773ECC6B534CFC040A05AA0235,Illumina_
SRR5082447,12/11/2016 20:03,12/6/2016 20:01,1739030,986761081,1739030,567,587,,https://sra-downloadb.st-va.ncbi.nlm.nih.gov/sos1/sra-pub-run-10/SRR5082447/SRR5082447.1,SRX2400454,AUSMDU00003500,WGS,RANDOM,GENOMIC,PAIRED,0,0,ILLUMINA,Illumina MiSeq,SRP094663,PRJNA351909,,351909,SRS1840562,SAMN06112221,simple,573,Klebsiella pneumoniae,AUSMDU00003500_S10_L001,,,,,,,no,,,,,UNIVERSITY OF MELBOURNE,SRA501232,,public,0B72F1E3AA6B0ECAA8BF45175DB6018A,6C9C4EE1FD444379A7B880BC4195A6E6,Illumina_
SRR5082454,12/11/2016 20:03,12/6/2016 20:01,1900162,1035440844,1900162,544,610,,https://sra-downloadb.st-va.ncbi.nlm.nih.gov/sos1/sra-pub-run-10/SRR5082454/SRR5082454.1,SRX2400461,AUSMDU00003501,WGS,RANDOM,GENOMIC,PAIRED,0,0,ILLUMINA,Illumina MiSeq,SRP094663,PRJNA351909,,351909,SRS1840567,SAMN06112222,simple,573,Klebsiella pneumoniae,AUSMDU00003501_S12_L001,,,,,,,no,,,,,UNIVERSITY OF MELBOURNE,SRA501232,,public,EAA17BE1D8891508740F8383C1D4D8F4,24AB15411337D68E2CE6964855958989,Illumina_
SRR5082445,12/11/2016 20:04,12/6/2016 20:01,1851642,1021537148,1851642,551,608,,https://sra-downloadb.st-va.ncbi.nlm.nih.gov/sos1/sra-pub-run-10/SRR5082445/SRR5082445.1,SRX2400452,AUSMDU00003502,WGS,RANDOM,GENOMIC,PAIRED,0,0,ILLUMINA,Illumina MiSeq,SRP094663,PRJNA351909,,351909,SRS1840559,SAMN06112223,simple,573,Klebsiella pneumoniae,AUSMDU00003502_S14_L001,,,,,,,no,,,,,UNIVERSITY OF MELBOURNE,SRA501232,,public,0BC27C33AA2223C6B9369C7020D9D738,34259BB2EC408FB60A4E308A114CFC7C,Illumina_
SRR5082469,12/11/2016 20:04,12/6/2016 20:01,1718198,972063985,1718198,565,588,,https://sra-downloadb.st-va.ncbi.nlm.nih.gov/sos1/sra-pub-run-10/SRR5082469/SRR5082469.1,SRX2400476,AUSMDU00003503,WGS,RANDOM,GENOMIC,PAIRED,0,0,ILLUMINA,Illumina MiSeq,SRP094663,PRJNA351909,,351909,SRS1840583,SAMN06112224,simple,573,Klebsiella pneumoniae,AUSMDU00003503_S16_L001,,,,,,,no,,,,,UNIVERSITY OF MELBOURNE,SRA501232,,public,E7F7E967E1783DDB92EC126E186C7DAD,3E3EBC4CA01CDA91B29C73830D1B07D1,Illumina_
SRR5082483,12/11/2016 20:04,12/6/2016 20:01,1966408,586613822,1966408,298,260,,https://sra-downloadb.st-va.ncbi.nlm.nih.gov/sos1/sra-pub-run-10/SRR5082483/SRR5082483.1,SRX2400489,AUSMDU00003504,WGS,RANDOM,GENOMIC,PAIRED,0,0,ILLUMINA,Illumina MiSeq,SRP094663,PRJNA351909,,351909,SRS1840596,SAMN06112241,simple,573,Klebsiella pneumoniae,AUSMDU00003504_S25_L999,,,,,,,no,,,,,UNIVERSITY OF MELBOURNE,SRA501232,,public,340C80AB3CACB6E9D5C1127C0AAA6D45,AD6D2AECBAD3FF1C6240C39134E48DC4,Illumina_
SRR5082461,12/11/2016 20:03,12/6/2016 20:00,2139202,636225657,2139202,297,278,,https://sra-downloadb.st-va.ncbi.nlm.nih.gov/sos1/sra-pub-run-10/SRR5082461/SRR5082461.1,SRX2400468,AUSMDU00003505,WGS,RANDOM,GENOMIC,PAIRED,0,0,ILLUMINA,Illumina MiSeq,SRP094663,PRJNA351909,,351909,SRS1840575,SAMN06112225,simple,573,Klebsiella pneumoniae,AUSMDU00003505_S35_L999,,,,,,,no,,,,,UNIVERSITY OF MELBOURNE,SRA501232,,public,9366F893AF1B5A65FB7F4C184AC7D185,5A26608A71B51A4482C4D5FE87EEABB0,Illumina_
SRR5082449,12/11/2016 20:03,12/6/2016 20:00,2072239,617111534,2072239,297,271,,https://sra-downloadb.st-va.ncbi.nlm.nih.gov/sos1/sra-pub-run-10/SRR5082449/SRR5082449.1,SRX2400456,AUSMDU00003506,WGS,RANDOM,GENOMIC,PAIRED,0,0,ILLUMINA,Illumina MiSeq,SRP094663,PRJNA351909,,351909,SRS1840564,SAMN06112226,simple,573,Klebsiella pneumoniae,AUSMDU00003506_S45_L999,,,,,,,no,,,,,UNIVERSITY OF MELBOURNE,SRA501232,,public,E96CBFA528D4A1D27CFD569DCB16680B,296757935EE02AF3072AECD3A6D1D64D,Illumina_
SRR5082453,12/11/2016 20:03,12/6/2016 20:00,2082744,619942281,2082744,297,274,,https://sra-downloadb.st-va.ncbi.nlm.nih.gov/sos1/sra-pub-run-10/SRR5082453/SRR5082453.1,SRX2400460,AUSMDU00003507,WGS,RANDOM,GENOMIC,PAIRED,0,0,ILLUMINA,Illumina MiSeq,SRP094663,PRJNA351909,,351909,SRS1840568,SAMN06112227,simple,573,Klebsiella pneumoniae,AUSMDU00003507_S55_L999,,,,,,,no,,,,,UNIVERSITY OF MELBOURNE,SRA501232,,public,90E1D19F2540926270EDB4EE22113330,5A58EEA950BEA20C7A2F5EC7B12B1F2D,Illumina_
SRR5082463,12/11/2016 20:03,12/6/2016 20:00,1639220,489447782,1639220,298,218,,https://sra-downloadb.st-va.ncbi.nlm.nih.gov/sos1/sra-pub-run-10/SRR5082463/SRR5082463.1,SRX2400470,AUSMDU00003508,WGS,RANDOM,GENOMIC,PAIRED,0,0,ILLUMINA,Illumina MiSeq,SRP094663,PRJNA351909,,351909,SRS1840576,SAMN06112228,simple,573,Klebsiella pneumoniae,AUSMDU00003508_S65_L999,,,,,,,no,,,,,UNIVERSITY OF MELBOURNE,SRA501232,,public,AE08719CED630FEA8FF984584F336A23,69402C018846A34AE09B4325E715930E,Illumina_
SRR5082465,12/11/2016 20:03,12/6/2016 20:00,2124395,632624460,2124395,297,279,,https://sra-downloadb.st-va.ncbi.nlm.nih.gov/sos1/sra-pub-run-10/SRR5082465/SRR5082465.1,SRX2400472,AUSMDU00003509,WGS,RANDOM,GENOMIC,PAIRED,0,0,ILLUMINA,Illumina MiSeq,SRP094663,PRJNA351909,,351909,SRS1840580,SAMN06112229,simple,573,Klebsiella pneumoniae,AUSMDU00003509_S75_L999,,,,,,,no,,,,,UNIVERSITY OF MELBOURNE,SRA501232,,public,F6EED1DC9C561C3D86B4FF445D2EFE40,8E3779C1D22FC457F85D5E4C2681984C,Illumina_
SRR5082485,12/11/2016 20:04,12/6/2016 20:01,2510363,627590750,2510363,250,221,,https://sra-downloadb.st-va.ncbi.nlm.nih.gov/sos1/sra-pub-run-10/SRR5082485/SRR5082485.1,SRX2400491,KC0205,WGS,RANDOM,GENOMIC,PAIRED,0,0,ILLUMINA,Illumina HiSeq 2500,SRP094663,PRJNA351909,,351909,SRS1840598,SAMN06112230,simple,573,Klebsiella pneumoniae,KC0205_C4PNMANXX_GTAGAGGA-GTAAGGAG_L006,,,,,,,no,,,,,UNIVERSITY OF MELBOURNE,SRA501232,,public,2E4D058C3BA2333E46563D5FDAC0C14D,22CE27A662AF59B96F9D2A0EF085667E,Illumina_
SRR5082464,12/11/2016 20:03,12/6/2016 20:00,1972636,493159000,1972636,250,171,,https://sra-downloadb.st-va.ncbi.nlm.nih.gov/sos1/sra-pub-run-10/SRR5082464/SRR5082464.1,SRX2400471,KC0278,WGS,RANDOM,GENOMIC,PAIRED,0,0,ILLUMINA,Illumina HiSeq 2500,SRP094663,PRJNA351909,,351909,SRS1840578,SAMN06112231,simple,573,Klebsiella pneumoniae,KC0278_C4PNMANXX_GTAGAGGA-ACTGCATA_L006,,,,,,,no,,,,,UNIVERSITY OF MELBOURNE,SRA501232,,public,455261F89F0BB0575661A6D8563B4C64,E7CFE70D253D6FED78145136E28FAAA2,Illumina_
SRR6175467,10/16/2017 2:53,10/16/2017 2:50,42796,266940271,0,6237,221,,https://sra-downloadb.be-md.ncbi.nlm.nih.gov/sos2/sra-pub-run-11/SRR6175467/SRR6175467.1,SRX3286232,INF157,WGS,RANDOM,GENOMIC,SINGLE,0,0,OXFORD_NANOPORE,MinION,ERP006536,PRJEB6891,,295154,ERS710906,SAMEA3357077,simple,573,Klebsiella pneumoniae,SAMEA3357077,,,,,,,no,,,,,UNIVERSITY OF MELBOURNE,SRA619712,,public,C994EAA6BC874450B1B887C52841236B,887DC131E7A5FC3DDA8A7AB32118C9B0,ONT_added
SRR6192954,10/20/2017 7:08,10/20/2017 1:11,21170,159219367,0,7520,132,,https://sra-downloadb.be-md.ncbi.nlm.nih.gov/sos1/sra-pub-run-1/SRR6192954/SRR6192954.1,SRX3302910,KSB1_5D,WGS,RANDOM,GENOMIC,SINGLE,0,0,OXFORD_NANOPORE,MinION,SRP094663,PRJNA351909,,351909,SRS1840569,SAMN06112197,simple,573,Klebsiella pneumoniae,AH0095_C4PNMANXX_GGACTCCT-AAGGAGTA_L006,,,,,,,no,,,,,UNIVERSITY OF MELBOURNE,SRA621766,,public,A803C06A09C7F425D2528539DB7998AE,E02EE20E8987AAA349A2CA33A51FD4B5,ONT_added
