study_accession	sample_accession	experiment_accession	run_accession	tax_id	scientific_name	library_name	library_source	experiment_title	sample_title
PRJEB45949	SAMEA9310027	ERX5796776	ERR6160324	562	Escherichia coli	unspecified	GENOMIC	Illumina HiSeq 2500 paired end sequencing	Canine E. coli
PRJEB45949	SAMEA9310027	ERX5796777	ERR6160325	562	Escherichia coli	unspecified	GENOMIC	Illumina HiSeq 2500 paired end sequencing	Canine E. coli
PRJEB45949	SAMEA9310027	ERX5796778	ERR6160326	562	Escherichia coli	unspecified	GENOMIC	Illumina HiSeq 2500 paired end sequencing	Canine E. coli
PRJEB45949	SAMEA9310027	ERX5796779	ERR6160327	562	Escherichia coli	unspecified	GENOMIC	Illumina HiSeq 2500 paired end sequencing	Canine E. coli
PRJEB45949	SAMEA9310025	ERX5796780	ERR6160328	562	Escherichia coli	unspecified	GENOMIC	Illumina HiSeq 2500 paired end sequencing	Urine E. coli
PRJEB45949	SAMEA9310025	ERX5796781	ERR6160329	562	Escherichia coli	unspecified	GENOMIC	Illumina HiSeq 2500 paired end sequencing	Urine E. coli
PRJEB45949	SAMEA9310025	ERX5796782	ERR6160330	562	Escherichia coli	unspecified	GENOMIC	Illumina HiSeq 2500 paired end sequencing	Urine E. coli
PRJEB45949	SAMEA9310024	ERX5796783	ERR6160331	562	Escherichia coli	unspecified	GENOMIC	Illumina HiSeq 2500 paired end sequencing	Cattle E. coli
PRJEB45949	SAMEA9310024	ERX5796784	ERR6160332	562	Escherichia coli	unspecified	GENOMIC	Illumina HiSeq 2500 paired end sequencing	Cattle E. coli
PRJEB45949	SAMEA9310024	ERX5796785	ERR6160333	562	Escherichia coli	unspecified	GENOMIC	Illumina HiSeq 2500 paired end sequencing	Cattle E. coli
PRJEB45949	SAMEA9310024	ERX5796786	ERR6160334	562	Escherichia coli	unspecified	GENOMIC	Illumina HiSeq 2500 paired end sequencing	Cattle E. coli
PRJEB45949	SAMEA9310024	ERX5796787	ERR6160335	562	Escherichia coli	unspecified	GENOMIC	Illumina HiSeq 2500 paired end sequencing	Cattle E. coli
PRJEB45949	SAMEA9310024	ERX5796788	ERR6160336	562	Escherichia coli	unspecified	GENOMIC	Illumina HiSeq 2500 paired end sequencing	Cattle E. coli
PRJEB45949	SAMEA9310024	ERX5796789	ERR6160337	562	Escherichia coli	unspecified	GENOMIC	Illumina HiSeq 2500 paired end sequencing	Cattle E. coli
PRJEB45949	SAMEA9310024	ERX5796790	ERR6160338	562	Escherichia coli	unspecified	GENOMIC	Illumina HiSeq 2500 paired end sequencing	Cattle E. coli
PRJEB45949	SAMEA9310024	ERX5796791	ERR6160339	562	Escherichia coli	unspecified	GENOMIC	Illumina HiSeq 2500 paired end sequencing	Cattle E. coli
PRJEB45949	SAMEA9310024	ERX5796792	ERR6160340	562	Escherichia coli	unspecified	GENOMIC	Illumina HiSeq 2500 paired end sequencing	Cattle E. coli
PRJEB45949	SAMEA9310024	ERX5796793	ERR6160341	562	Escherichia coli	unspecified	GENOMIC	Illumina HiSeq 2500 paired end sequencing	Cattle E. coli
PRJEB45949	SAMEA9310024	ERX5796794	ERR6160342	562	Escherichia coli	unspecified	GENOMIC	Illumina HiSeq 2500 paired end sequencing	Cattle E. coli
PRJEB45949	SAMEA9310025	ERX5796795	ERR6160343	562	Escherichia coli	unspecified	GENOMIC	Illumina HiSeq 2500 paired end sequencing	Urine E. coli
PRJEB45949	SAMEA9310025	ERX5796796	ERR6160344	562	Escherichia coli	unspecified	GENOMIC	Illumina HiSeq 2500 paired end sequencing	Urine E. coli
PRJEB45949	SAMEA9310025	ERX5796797	ERR6160345	562	Escherichia coli	unspecified	GENOMIC	Illumina HiSeq 2500 paired end sequencing	Urine E. coli
PRJEB45949	SAMEA9310025	ERX5796798	ERR6160346	562	Escherichia coli	unspecified	GENOMIC	Illumina HiSeq 2500 paired end sequencing	Urine E. coli
PRJEB45949	SAMEA9310025	ERX5796799	ERR6160347	562	Escherichia coli	unspecified	GENOMIC	Illumina HiSeq 2500 paired end sequencing	Urine E. coli
PRJEB45949	SAMEA9310025	ERX5796800	ERR6160348	562	Escherichia coli	unspecified	GENOMIC	Illumina HiSeq 2500 paired end sequencing	Urine E. coli
PRJEB45949	SAMEA9310025	ERX5796801	ERR6160349	562	Escherichia coli	unspecified	GENOMIC	Illumina HiSeq 2500 paired end sequencing	Urine E. coli
PRJEB45949	SAMEA9310025	ERX5796802	ERR6160350	562	Escherichia coli	unspecified	GENOMIC	Illumina HiSeq 2500 paired end sequencing	Urine E. coli
PRJEB45949	SAMEA9310025	ERX5796803	ERR6160351	562	Escherichia coli	unspecified	GENOMIC	Illumina HiSeq 2500 paired end sequencing	Urine E. coli
PRJEB45949	SAMEA9310025	ERX5796804	ERR6160352	562	Escherichia coli	unspecified	GENOMIC	Illumina HiSeq 2500 paired end sequencing	Urine E. coli
PRJEB45949	SAMEA9310025	ERX5796805	ERR6160353	562	Escherichia coli	unspecified	GENOMIC	Illumina HiSeq 2500 paired end sequencing	Urine E. coli
PRJEB45949	SAMEA9310025	ERX5796806	ERR6160354	562	Escherichia coli	unspecified	GENOMIC	Illumina HiSeq 2500 paired end sequencing	Urine E. coli
PRJEB45949	SAMEA9310025	ERX5796807	ERR6160355	562	Escherichia coli	unspecified	GENOMIC	Illumina HiSeq 2500 paired end sequencing	Urine E. coli
PRJEB45949	SAMEA9310025	ERX5796808	ERR6160356	562	Escherichia coli	unspecified	GENOMIC	Illumina HiSeq 2500 paired end sequencing	Urine E. coli
PRJEB45949	SAMEA9310025	ERX5796809	ERR6160357	562	Escherichia coli	unspecified	GENOMIC	Illumina HiSeq 2500 paired end sequencing	Urine E. coli
PRJEB45949	SAMEA9310025	ERX5796810	ERR6160358	562	Escherichia coli	unspecified	GENOMIC	Illumina HiSeq 2500 paired end sequencing	Urine E. coli
PRJEB45949	SAMEA9310025	ERX5796811	ERR6160359	562	Escherichia coli	unspecified	GENOMIC	Illumina HiSeq 2500 paired end sequencing	Urine E. coli
PRJEB45949	SAMEA9310025	ERX5796812	ERR6160360	562	Escherichia coli	unspecified	GENOMIC	Illumina HiSeq 2500 paired end sequencing	Urine E. coli
PRJEB45949	SAMEA9310025	ERX5796813	ERR6160361	562	Escherichia coli	unspecified	GENOMIC	Illumina HiSeq 2500 paired end sequencing	Urine E. coli
PRJEB45949	SAMEA9310025	ERX5796814	ERR6160362	562	Escherichia coli	unspecified	GENOMIC	Illumina HiSeq 2500 paired end sequencing	Urine E. coli
PRJEB45949	SAMEA9310025	ERX5796815	ERR6160363	562	Escherichia coli	unspecified	GENOMIC	Illumina HiSeq 2500 paired end sequencing	Urine E. coli
PRJEB45949	SAMEA9310025	ERX5796816	ERR6160364	562	Escherichia coli	unspecified	GENOMIC	Illumina HiSeq 2500 paired end sequencing	Urine E. coli
PRJEB45949	SAMEA9310025	ERX5796817	ERR6160365	562	Escherichia coli	unspecified	GENOMIC	Illumina HiSeq 2500 paired end sequencing	Urine E. coli
PRJEB45949	SAMEA9310025	ERX5796818	ERR6160366	562	Escherichia coli	unspecified	GENOMIC	Illumina HiSeq 2500 paired end sequencing	Urine E. coli
PRJEB45949	SAMEA9310025	ERX5796819	ERR6160367	562	Escherichia coli	unspecified	GENOMIC	Illumina HiSeq 2500 paired end sequencing	Urine E. coli
PRJEB45949	SAMEA9310025	ERX5796820	ERR6160368	562	Escherichia coli	unspecified	GENOMIC	Illumina HiSeq 2500 paired end sequencing	Urine E. coli
PRJEB45949	SAMEA9310025	ERX5796821	ERR6160369	562	Escherichia coli	unspecified	GENOMIC	Illumina HiSeq 2500 paired end sequencing	Urine E. coli
PRJEB45949	SAMEA9310025	ERX5796822	ERR6160370	562	Escherichia coli	unspecified	GENOMIC	Illumina HiSeq 2500 paired end sequencing	Urine E. coli
PRJEB45949	SAMEA9310025	ERX5796823	ERR6160371	562	Escherichia coli	unspecified	GENOMIC	Illumina HiSeq 2500 paired end sequencing	Urine E. coli
PRJEB45949	SAMEA9310025	ERX5796824	ERR6160372	562	Escherichia coli	unspecified	GENOMIC	Illumina HiSeq 2500 paired end sequencing	Urine E. coli
PRJEB45949	SAMEA9310025	ERX5796825	ERR6160373	562	Escherichia coli	unspecified	GENOMIC	Illumina HiSeq 2500 paired end sequencing	Urine E. coli
PRJEB45949	SAMEA9310025	ERX5796826	ERR6160374	562	Escherichia coli	unspecified	GENOMIC	Illumina HiSeq 2500 paired end sequencing	Urine E. coli
PRJEB45949	SAMEA9310025	ERX5796827	ERR6160375	562	Escherichia coli	unspecified	GENOMIC	Illumina HiSeq 2500 paired end sequencing	Urine E. coli
PRJEB45949	SAMEA9310025	ERX5796828	ERR6160376	562	Escherichia coli	unspecified	GENOMIC	Illumina HiSeq 2500 paired end sequencing	Urine E. coli
PRJEB45949	SAMEA9310025	ERX5796829	ERR6160377	562	Escherichia coli	unspecified	GENOMIC	Illumina HiSeq 2500 paired end sequencing	Urine E. coli
PRJEB45949	SAMEA9310025	ERX5796830	ERR6160378	562	Escherichia coli	unspecified	GENOMIC	Illumina HiSeq 2500 paired end sequencing	Urine E. coli
PRJEB45949	SAMEA9310025	ERX5796831	ERR6160379	562	Escherichia coli	unspecified	GENOMIC	Illumina HiSeq 2500 paired end sequencing	Urine E. coli
PRJEB45949	SAMEA9310025	ERX5796832	ERR6160380	562	Escherichia coli	unspecified	GENOMIC	Illumina HiSeq 2500 paired end sequencing	Urine E. coli
PRJEB45949	SAMEA9310025	ERX5796833	ERR6160381	562	Escherichia coli	unspecified	GENOMIC	Illumina HiSeq 2500 paired end sequencing	Urine E. coli
PRJEB45949	SAMEA9310025	ERX5796834	ERR6160382	562	Escherichia coli	unspecified	GENOMIC	Illumina HiSeq 2500 paired end sequencing	Urine E. coli
PRJEB45949	SAMEA9310025	ERX5796835	ERR6160383	562	Escherichia coli	unspecified	GENOMIC	Illumina HiSeq 2500 paired end sequencing	Urine E. coli
PRJEB45949	SAMEA9310025	ERX5796836	ERR6160384	562	Escherichia coli	unspecified	GENOMIC	Illumina HiSeq 2500 paired end sequencing	Urine E. coli
PRJEB45949	SAMEA9310025	ERX5796837	ERR6160385	562	Escherichia coli	unspecified	GENOMIC	Illumina HiSeq 2500 paired end sequencing	Urine E. coli
PRJEB45949	SAMEA9310025	ERX5796838	ERR6160386	562	Escherichia coli	unspecified	GENOMIC	Illumina HiSeq 2500 paired end sequencing	Urine E. coli
PRJEB45949	SAMEA9310025	ERX5796839	ERR6160387	562	Escherichia coli	unspecified	GENOMIC	Illumina HiSeq 2500 paired end sequencing	Urine E. coli
PRJEB45949	SAMEA9310025	ERX5796840	ERR6160388	562	Escherichia coli	unspecified	GENOMIC	Illumina HiSeq 2500 paired end sequencing	Urine E. coli
PRJEB45949	SAMEA9310025	ERX5796841	ERR6160389	562	Escherichia coli	unspecified	GENOMIC	Illumina HiSeq 2500 paired end sequencing	Urine E. coli
PRJEB45949	SAMEA9310025	ERX5796842	ERR6160390	562	Escherichia coli	unspecified	GENOMIC	Illumina HiSeq 2500 paired end sequencing	Urine E. coli
PRJEB45949	SAMEA9310025	ERX5796843	ERR6160391	562	Escherichia coli	unspecified	GENOMIC	Illumina HiSeq 2500 paired end sequencing	Urine E. coli
PRJEB45949	SAMEA9310025	ERX5796844	ERR6160392	562	Escherichia coli	unspecified	GENOMIC	Illumina HiSeq 2500 paired end sequencing	Urine E. coli
PRJEB45949	SAMEA9310025	ERX5796845	ERR6160393	562	Escherichia coli	unspecified	GENOMIC	Illumina HiSeq 2500 paired end sequencing	Urine E. coli
PRJEB45949	SAMEA9310025	ERX5796846	ERR6160394	562	Escherichia coli	unspecified	GENOMIC	Illumina HiSeq 2500 paired end sequencing	Urine E. coli
PRJEB45949	SAMEA9310025	ERX5796847	ERR6160395	562	Escherichia coli	unspecified	GENOMIC	Illumina HiSeq 2500 paired end sequencing	Urine E. coli
PRJEB45949	SAMEA9310025	ERX5796848	ERR6160396	562	Escherichia coli	unspecified	GENOMIC	Illumina HiSeq 2500 paired end sequencing	Urine E. coli
PRJEB45949	SAMEA9310025	ERX5796849	ERR6160397	562	Escherichia coli	unspecified	GENOMIC	Illumina HiSeq 2500 paired end sequencing	Urine E. coli
PRJEB45949	SAMEA9310025	ERX5796850	ERR6160398	562	Escherichia coli	unspecified	GENOMIC	Illumina HiSeq 2500 paired end sequencing	Urine E. coli
PRJEB45949	SAMEA9310025	ERX5796851	ERR6160399	562	Escherichia coli	unspecified	GENOMIC	Illumina HiSeq 2500 paired end sequencing	Urine E. coli
PRJEB45949	SAMEA9310025	ERX5796852	ERR6160400	562	Escherichia coli	unspecified	GENOMIC	Illumina HiSeq 2500 paired end sequencing	Urine E. coli
PRJEB45949	SAMEA9310025	ERX5796853	ERR6160401	562	Escherichia coli	unspecified	GENOMIC	Illumina HiSeq 2500 paired end sequencing	Urine E. coli
PRJEB45949	SAMEA9310025	ERX5796854	ERR6160402	562	Escherichia coli	unspecified	GENOMIC	Illumina HiSeq 2500 paired end sequencing	Urine E. coli
PRJEB45949	SAMEA9310025	ERX5796855	ERR6160403	562	Escherichia coli	unspecified	GENOMIC	Illumina HiSeq 2500 paired end sequencing	Urine E. coli
PRJEB45949	SAMEA9310025	ERX5796856	ERR6160404	562	Escherichia coli	unspecified	GENOMIC	Illumina HiSeq 2500 paired end sequencing	Urine E. coli
PRJEB45949	SAMEA9310025	ERX5796857	ERR6160405	562	Escherichia coli	unspecified	GENOMIC	Illumina HiSeq 2500 paired end sequencing	Urine E. coli
PRJEB45949	SAMEA9310025	ERX5796858	ERR6160406	562	Escherichia coli	unspecified	GENOMIC	Illumina HiSeq 2500 paired end sequencing	Urine E. coli
PRJEB45949	SAMEA9310025	ERX5796859	ERR6160407	562	Escherichia coli	unspecified	GENOMIC	Illumina HiSeq 2500 paired end sequencing	Urine E. coli
PRJEB45949	SAMEA9310025	ERX5796860	ERR6160408	562	Escherichia coli	unspecified	GENOMIC	Illumina HiSeq 2500 paired end sequencing	Urine E. coli
PRJEB45949	SAMEA9310025	ERX5796861	ERR6160409	562	Escherichia coli	unspecified	GENOMIC	Illumina HiSeq 2500 paired end sequencing	Urine E. coli
PRJEB45949	SAMEA9310025	ERX5796862	ERR6160410	562	Escherichia coli	unspecified	GENOMIC	Illumina HiSeq 2500 paired end sequencing	Urine E. coli
PRJEB45949	SAMEA9310025	ERX5796863	ERR6160411	562	Escherichia coli	unspecified	GENOMIC	Illumina HiSeq 2500 paired end sequencing	Urine E. coli
PRJEB45949	SAMEA9310025	ERX5796864	ERR6160412	562	Escherichia coli	unspecified	GENOMIC	Illumina HiSeq 2500 paired end sequencing	Urine E. coli
PRJEB45949	SAMEA9310025	ERX5796865	ERR6160413	562	Escherichia coli	unspecified	GENOMIC	Illumina HiSeq 2500 paired end sequencing	Urine E. coli
PRJEB45949	SAMEA9310025	ERX5796866	ERR6160414	562	Escherichia coli	unspecified	GENOMIC	Illumina HiSeq 2500 paired end sequencing	Urine E. coli
PRJEB45949	SAMEA9310025	ERX5796867	ERR6160415	562	Escherichia coli	unspecified	GENOMIC	Illumina HiSeq 2500 paired end sequencing	Urine E. coli
PRJEB45949	SAMEA9310025	ERX5796868	ERR6160416	562	Escherichia coli	unspecified	GENOMIC	Illumina HiSeq 2500 paired end sequencing	Urine E. coli
PRJEB45949	SAMEA9310025	ERX5796869	ERR6160417	562	Escherichia coli	unspecified	GENOMIC	Illumina HiSeq 2500 paired end sequencing	Urine E. coli
PRJEB45949	SAMEA9310025	ERX5796870	ERR6160418	562	Escherichia coli	unspecified	GENOMIC	Illumina HiSeq 2500 paired end sequencing	Urine E. coli
PRJEB45949	SAMEA9310025	ERX5796871	ERR6160419	562	Escherichia coli	unspecified	GENOMIC	Illumina HiSeq 2500 paired end sequencing	Urine E. coli
PRJEB45949	SAMEA9310025	ERX5796872	ERR6160420	562	Escherichia coli	unspecified	GENOMIC	Illumina HiSeq 2500 paired end sequencing	Urine E. coli
PRJEB45949	SAMEA9310025	ERX5796873	ERR6160421	562	Escherichia coli	unspecified	GENOMIC	Illumina HiSeq 2500 paired end sequencing	Urine E. coli
PRJEB45949	SAMEA9310025	ERX5796874	ERR6160422	562	Escherichia coli	unspecified	GENOMIC	Illumina HiSeq 2500 paired end sequencing	Urine E. coli
PRJEB45949	SAMEA9310025	ERX5796875	ERR6160423	562	Escherichia coli	unspecified	GENOMIC	Illumina HiSeq 2500 paired end sequencing	Urine E. coli
PRJEB45949	SAMEA9310025	ERX5796876	ERR6160424	562	Escherichia coli	unspecified	GENOMIC	Illumina HiSeq 2500 paired end sequencing	Urine E. coli
PRJEB45949	SAMEA9310025	ERX5796877	ERR6160425	562	Escherichia coli	unspecified	GENOMIC	Illumina HiSeq 2500 paired end sequencing	Urine E. coli
PRJEB45949	SAMEA9310025	ERX5796878	ERR6160426	562	Escherichia coli	unspecified	GENOMIC	Illumina HiSeq 2500 paired end sequencing	Urine E. coli
PRJEB45949	SAMEA9310025	ERX5796879	ERR6160427	562	Escherichia coli	unspecified	GENOMIC	Illumina HiSeq 2500 paired end sequencing	Urine E. coli
PRJEB45949	SAMEA9310025	ERX5796880	ERR6160428	562	Escherichia coli	unspecified	GENOMIC	Illumina HiSeq 2500 paired end sequencing	Urine E. coli
PRJEB45949	SAMEA9310025	ERX5796881	ERR6160429	562	Escherichia coli	unspecified	GENOMIC	Illumina HiSeq 2500 paired end sequencing	Urine E. coli
PRJEB45949	SAMEA9310025	ERX5796882	ERR6160430	562	Escherichia coli	unspecified	GENOMIC	Illumina HiSeq 2500 paired end sequencing	Urine E. coli
PRJEB45949	SAMEA9310025	ERX5796883	ERR6160431	562	Escherichia coli	unspecified	GENOMIC	Illumina HiSeq 2500 paired end sequencing	Urine E. coli
PRJEB45949	SAMEA9310025	ERX5796884	ERR6160432	562	Escherichia coli	unspecified	GENOMIC	Illumina HiSeq 2500 paired end sequencing	Urine E. coli
PRJEB45949	SAMEA9310025	ERX5796885	ERR6160433	562	Escherichia coli	unspecified	GENOMIC	Illumina HiSeq 2500 paired end sequencing	Urine E. coli
PRJEB45949	SAMEA9310025	ERX5796886	ERR6160434	562	Escherichia coli	unspecified	GENOMIC	Illumina HiSeq 2500 paired end sequencing	Urine E. coli
PRJEB45949	SAMEA9310025	ERX5796887	ERR6160435	562	Escherichia coli	unspecified	GENOMIC	Illumina HiSeq 2500 paired end sequencing	Urine E. coli
PRJEB45949	SAMEA9310025	ERX5796888	ERR6160436	562	Escherichia coli	unspecified	GENOMIC	Illumina HiSeq 2500 paired end sequencing	Urine E. coli
PRJEB45949	SAMEA9310025	ERX5796889	ERR6160437	562	Escherichia coli	unspecified	GENOMIC	Illumina HiSeq 2500 paired end sequencing	Urine E. coli
PRJEB45949	SAMEA9310025	ERX5796890	ERR6160438	562	Escherichia coli	unspecified	GENOMIC	Illumina HiSeq 2500 paired end sequencing	Urine E. coli
PRJEB45949	SAMEA9310025	ERX5796891	ERR6160439	562	Escherichia coli	unspecified	GENOMIC	Illumina HiSeq 2500 paired end sequencing	Urine E. coli
PRJEB45949	SAMEA9310025	ERX5796892	ERR6160440	562	Escherichia coli	unspecified	GENOMIC	Illumina HiSeq 2500 paired end sequencing	Urine E. coli
PRJEB45949	SAMEA9310025	ERX5796893	ERR6160441	562	Escherichia coli	unspecified	GENOMIC	Illumina HiSeq 2500 paired end sequencing	Urine E. coli
PRJEB45949	SAMEA9310025	ERX5796894	ERR6160442	562	Escherichia coli	unspecified	GENOMIC	Illumina HiSeq 2500 paired end sequencing	Urine E. coli
PRJEB45949	SAMEA9310025	ERX5796895	ERR6160443	562	Escherichia coli	unspecified	GENOMIC	Illumina HiSeq 2500 paired end sequencing	Urine E. coli
PRJEB45949	SAMEA9310025	ERX5796896	ERR6160444	562	Escherichia coli	unspecified	GENOMIC	Illumina HiSeq 2500 paired end sequencing	Urine E. coli
PRJEB45949	SAMEA9310025	ERX5796897	ERR6160445	562	Escherichia coli	unspecified	GENOMIC	Illumina HiSeq 2500 paired end sequencing	Urine E. coli
PRJEB45949	SAMEA9310025	ERX5796898	ERR6160446	562	Escherichia coli	unspecified	GENOMIC	Illumina HiSeq 2500 paired end sequencing	Urine E. coli
PRJEB45949	SAMEA9310025	ERX5796899	ERR6160447	562	Escherichia coli	unspecified	GENOMIC	Illumina HiSeq 2500 paired end sequencing	Urine E. coli
PRJEB45949	SAMEA9310025	ERX5796900	ERR6160448	562	Escherichia coli	unspecified	GENOMIC	Illumina HiSeq 2500 paired end sequencing	Urine E. coli
PRJEB45949	SAMEA9310025	ERX5796901	ERR6160449	562	Escherichia coli	unspecified	GENOMIC	Illumina HiSeq 2500 paired end sequencing	Urine E. coli
PRJEB45949	SAMEA9310025	ERX5796902	ERR6160450	562	Escherichia coli	unspecified	GENOMIC	Illumina HiSeq 2500 paired end sequencing	Urine E. coli
PRJEB45949	SAMEA9310025	ERX5796903	ERR6160451	562	Escherichia coli	unspecified	GENOMIC	Illumina HiSeq 2500 paired end sequencing	Urine E. coli
PRJEB45949	SAMEA9310025	ERX5796904	ERR6160452	562	Escherichia coli	unspecified	GENOMIC	Illumina HiSeq 2500 paired end sequencing	Urine E. coli
PRJEB45949	SAMEA9310025	ERX5796905	ERR6160453	562	Escherichia coli	unspecified	GENOMIC	Illumina HiSeq 2500 paired end sequencing	Urine E. coli
PRJEB45949	SAMEA9310025	ERX5796906	ERR6160454	562	Escherichia coli	unspecified	GENOMIC	Illumina HiSeq 2500 paired end sequencing	Urine E. coli
PRJEB45949	SAMEA9310025	ERX5796907	ERR6160455	562	Escherichia coli	unspecified	GENOMIC	Illumina HiSeq 2500 paired end sequencing	Urine E. coli
PRJEB45949	SAMEA9310025	ERX5796908	ERR6160456	562	Escherichia coli	unspecified	GENOMIC	Illumina HiSeq 2500 paired end sequencing	Urine E. coli
PRJEB45949	SAMEA9310025	ERX5796909	ERR6160457	562	Escherichia coli	unspecified	GENOMIC	Illumina HiSeq 2500 paired end sequencing	Urine E. coli
PRJEB45949	SAMEA9310025	ERX5796910	ERR6160458	562	Escherichia coli	unspecified	GENOMIC	Illumina HiSeq 2500 paired end sequencing	Urine E. coli
PRJEB45949	SAMEA9310025	ERX5796911	ERR6160459	562	Escherichia coli	unspecified	GENOMIC	Illumina HiSeq 2500 paired end sequencing	Urine E. coli
PRJEB45949	SAMEA9310025	ERX5796912	ERR6160460	562	Escherichia coli	unspecified	GENOMIC	Illumina HiSeq 2500 paired end sequencing	Urine E. coli
PRJEB45949	SAMEA9310025	ERX5796913	ERR6160461	562	Escherichia coli	unspecified	GENOMIC	Illumina HiSeq 2500 paired end sequencing	Urine E. coli
PRJEB45949	SAMEA9310025	ERX5796914	ERR6160462	562	Escherichia coli	unspecified	GENOMIC	Illumina HiSeq 2500 paired end sequencing	Urine E. coli
PRJEB45949	SAMEA9310025	ERX5796915	ERR6160463	562	Escherichia coli	unspecified	GENOMIC	Illumina HiSeq 2500 paired end sequencing	Urine E. coli
PRJEB45949	SAMEA9310025	ERX5796916	ERR6160464	562	Escherichia coli	unspecified	GENOMIC	Illumina HiSeq 2500 paired end sequencing	Urine E. coli
PRJEB45949	SAMEA9310025	ERX5796917	ERR6160465	562	Escherichia coli	unspecified	GENOMIC	Illumina HiSeq 2500 paired end sequencing	Urine E. coli
PRJEB45949	SAMEA9310025	ERX5796918	ERR6160466	562	Escherichia coli	unspecified	GENOMIC	Illumina HiSeq 2500 paired end sequencing	Urine E. coli
PRJEB45949	SAMEA9310025	ERX5796919	ERR6160467	562	Escherichia coli	unspecified	GENOMIC	Illumina HiSeq 2500 paired end sequencing	Urine E. coli
PRJEB45949	SAMEA9310025	ERX5796920	ERR6160468	562	Escherichia coli	unspecified	GENOMIC	Illumina HiSeq 2500 paired end sequencing	Urine E. coli
PRJEB45949	SAMEA9310025	ERX5796921	ERR6160469	562	Escherichia coli	unspecified	GENOMIC	Illumina HiSeq 2500 paired end sequencing	Urine E. coli
PRJEB45949	SAMEA9310025	ERX5796922	ERR6160470	562	Escherichia coli	unspecified	GENOMIC	Illumina HiSeq 2500 paired end sequencing	Urine E. coli
PRJEB45949	SAMEA9310025	ERX5796923	ERR6160471	562	Escherichia coli	unspecified	GENOMIC	Illumina HiSeq 2500 paired end sequencing	Urine E. coli
PRJEB45949	SAMEA9310025	ERX5796924	ERR6160472	562	Escherichia coli	unspecified	GENOMIC	Illumina HiSeq 2500 paired end sequencing	Urine E. coli
PRJEB45949	SAMEA9310025	ERX5796925	ERR6160473	562	Escherichia coli	unspecified	GENOMIC	Illumina HiSeq 2500 paired end sequencing	Urine E. coli
PRJEB45949	SAMEA9310025	ERX5796926	ERR6160474	562	Escherichia coli	unspecified	GENOMIC	Illumina HiSeq 2500 paired end sequencing	Urine E. coli
PRJEB45949	SAMEA9310025	ERX5796927	ERR6160475	562	Escherichia coli	unspecified	GENOMIC	Illumina HiSeq 2500 paired end sequencing	Urine E. coli
PRJEB45949	SAMEA9310025	ERX5796928	ERR6160476	562	Escherichia coli	unspecified	GENOMIC	Illumina HiSeq 2500 paired end sequencing	Urine E. coli
PRJEB45949	SAMEA9310025	ERX5796929	ERR6160477	562	Escherichia coli	unspecified	GENOMIC	Illumina HiSeq 2500 paired end sequencing	Urine E. coli
PRJEB45949	SAMEA9310025	ERX5796930	ERR6160478	562	Escherichia coli	unspecified	GENOMIC	Illumina HiSeq 2500 paired end sequencing	Urine E. coli
PRJEB45949	SAMEA9310025	ERX5796931	ERR6160479	562	Escherichia coli	unspecified	GENOMIC	Illumina HiSeq 2500 paired end sequencing	Urine E. coli
PRJEB45949	SAMEA9310025	ERX5796932	ERR6160480	562	Escherichia coli	unspecified	GENOMIC	Illumina HiSeq 2500 paired end sequencing	Urine E. coli
PRJEB45949	SAMEA9310025	ERX5796933	ERR6160481	562	Escherichia coli	unspecified	GENOMIC	Illumina HiSeq 2500 paired end sequencing	Urine E. coli
PRJEB45949	SAMEA9310025	ERX5796934	ERR6160482	562	Escherichia coli	unspecified	GENOMIC	Illumina HiSeq 2500 paired end sequencing	Urine E. coli
PRJEB45949	SAMEA9310025	ERX5796935	ERR6160483	562	Escherichia coli	unspecified	GENOMIC	Illumina HiSeq 2500 paired end sequencing	Urine E. coli
PRJEB45949	SAMEA9310025	ERX5796936	ERR6160484	562	Escherichia coli	unspecified	GENOMIC	Illumina HiSeq 2500 paired end sequencing	Urine E. coli
PRJEB45949	SAMEA9310025	ERX5796937	ERR6160485	562	Escherichia coli	unspecified	GENOMIC	Illumina HiSeq 2500 paired end sequencing	Urine E. coli
PRJEB45949	SAMEA9310025	ERX5796938	ERR6160486	562	Escherichia coli	unspecified	GENOMIC	Illumina HiSeq 2500 paired end sequencing	Urine E. coli
PRJEB45949	SAMEA9310025	ERX5796939	ERR6160487	562	Escherichia coli	unspecified	GENOMIC	Illumina HiSeq 2500 paired end sequencing	Urine E. coli
PRJEB45949	SAMEA9310025	ERX5796940	ERR6160488	562	Escherichia coli	unspecified	GENOMIC	Illumina HiSeq 2500 paired end sequencing	Urine E. coli
PRJEB45949	SAMEA9310025	ERX5796941	ERR6160489	562	Escherichia coli	unspecified	GENOMIC	Illumina HiSeq 2500 paired end sequencing	Urine E. coli
PRJEB45949	SAMEA9310025	ERX5796942	ERR6160490	562	Escherichia coli	unspecified	GENOMIC	Illumina HiSeq 2500 paired end sequencing	Urine E. coli
PRJEB45949	SAMEA9310025	ERX5796943	ERR6160491	562	Escherichia coli	unspecified	GENOMIC	Illumina HiSeq 2500 paired end sequencing	Urine E. coli
PRJEB45949	SAMEA9310025	ERX5796944	ERR6160492	562	Escherichia coli	unspecified	GENOMIC	Illumina HiSeq 2500 paired end sequencing	Urine E. coli
PRJEB45949	SAMEA9310025	ERX5796945	ERR6160493	562	Escherichia coli	unspecified	GENOMIC	Illumina HiSeq 2500 paired end sequencing	Urine E. coli
PRJEB45949	SAMEA9310025	ERX5796946	ERR6160494	562	Escherichia coli	unspecified	GENOMIC	Illumina HiSeq 2500 paired end sequencing	Urine E. coli
PRJEB45949	SAMEA9310025	ERX5796947	ERR6160495	562	Escherichia coli	unspecified	GENOMIC	Illumina HiSeq 2500 paired end sequencing	Urine E. coli
PRJEB45949	SAMEA9310025	ERX5796948	ERR6160496	562	Escherichia coli	unspecified	GENOMIC	Illumina HiSeq 2500 paired end sequencing	Urine E. coli
PRJEB45949	SAMEA9310025	ERX5796949	ERR6160497	562	Escherichia coli	unspecified	GENOMIC	Illumina HiSeq 2500 paired end sequencing	Urine E. coli
PRJEB45949	SAMEA9310025	ERX5796950	ERR6160498	562	Escherichia coli	unspecified	GENOMIC	Illumina HiSeq 2500 paired end sequencing	Urine E. coli
PRJEB45949	SAMEA9310025	ERX5796951	ERR6160499	562	Escherichia coli	unspecified	GENOMIC	Illumina HiSeq 2500 paired end sequencing	Urine E. coli
PRJEB45949	SAMEA9310025	ERX5796952	ERR6160500	562	Escherichia coli	unspecified	GENOMIC	Illumina HiSeq 2500 paired end sequencing	Urine E. coli
PRJEB45949	SAMEA9310025	ERX5796953	ERR6160501	562	Escherichia coli	unspecified	GENOMIC	Illumina HiSeq 2500 paired end sequencing	Urine E. coli
PRJEB45949	SAMEA9310025	ERX5796954	ERR6160502	562	Escherichia coli	unspecified	GENOMIC	Illumina HiSeq 2500 paired end sequencing	Urine E. coli
PRJEB45949	SAMEA9310025	ERX5796955	ERR6160503	562	Escherichia coli	unspecified	GENOMIC	Illumina HiSeq 2500 paired end sequencing	Urine E. coli
PRJEB45949	SAMEA9310025	ERX5796956	ERR6160504	562	Escherichia coli	unspecified	GENOMIC	Illumina HiSeq 2500 paired end sequencing	Urine E. coli
PRJEB45949	SAMEA9310025	ERX5796957	ERR6160505	562	Escherichia coli	unspecified	GENOMIC	Illumina HiSeq 2500 paired end sequencing	Urine E. coli
PRJEB45949	SAMEA9310025	ERX5796958	ERR6160506	562	Escherichia coli	unspecified	GENOMIC	Illumina HiSeq 2500 paired end sequencing	Urine E. coli
PRJEB45949	SAMEA9310025	ERX5796959	ERR6160507	562	Escherichia coli	unspecified	GENOMIC	Illumina HiSeq 2500 paired end sequencing	Urine E. coli
PRJEB45949	SAMEA9310024	ERX5796960	ERR6160508	562	Escherichia coli	unspecified	GENOMIC	Illumina HiSeq 2500 paired end sequencing	Cattle E. coli
PRJEB45949	SAMEA9310024	ERX5796961	ERR6160509	562	Escherichia coli	unspecified	GENOMIC	Illumina HiSeq 2500 paired end sequencing	Cattle E. coli
PRJEB45949	SAMEA9310024	ERX5796962	ERR6160510	562	Escherichia coli	unspecified	GENOMIC	Illumina HiSeq 2500 paired end sequencing	Cattle E. coli
PRJEB45949	SAMEA9310024	ERX5796963	ERR6160511	562	Escherichia coli	unspecified	GENOMIC	Illumina HiSeq 2500 paired end sequencing	Cattle E. coli
PRJEB45949	SAMEA9310024	ERX5796964	ERR6160512	562	Escherichia coli	unspecified	GENOMIC	Illumina HiSeq 2500 paired end sequencing	Cattle E. coli
PRJEB45949	SAMEA9310024	ERX5796965	ERR6160513	562	Escherichia coli	unspecified	GENOMIC	Illumina HiSeq 2500 paired end sequencing	Cattle E. coli
PRJEB45949	SAMEA9310024	ERX5796966	ERR6160514	562	Escherichia coli	unspecified	GENOMIC	Illumina HiSeq 2500 paired end sequencing	Cattle E. coli
PRJEB45949	SAMEA9310024	ERX5796967	ERR6160515	562	Escherichia coli	unspecified	GENOMIC	Illumina HiSeq 2500 paired end sequencing	Cattle E. coli
PRJEB45949	SAMEA9310024	ERX5796968	ERR6160516	562	Escherichia coli	unspecified	GENOMIC	Illumina HiSeq 2500 paired end sequencing	Cattle E. coli
PRJEB45949	SAMEA9310024	ERX5796969	ERR6160517	562	Escherichia coli	unspecified	GENOMIC	Illumina HiSeq 2500 paired end sequencing	Cattle E. coli
PRJEB45949	SAMEA9310024	ERX5796970	ERR6160518	562	Escherichia coli	unspecified	GENOMIC	Illumina HiSeq 2500 paired end sequencing	Cattle E. coli
PRJEB45949	SAMEA9310024	ERX5796971	ERR6160519	562	Escherichia coli	unspecified	GENOMIC	Illumina HiSeq 2500 paired end sequencing	Cattle E. coli
PRJEB45949	SAMEA9310024	ERX5796972	ERR6160520	562	Escherichia coli	unspecified	GENOMIC	Illumina HiSeq 2500 paired end sequencing	Cattle E. coli
PRJEB45949	SAMEA9310024	ERX5796973	ERR6160521	562	Escherichia coli	unspecified	GENOMIC	Illumina HiSeq 2500 paired end sequencing	Cattle E. coli
PRJEB45949	SAMEA9310024	ERX5796974	ERR6160522	562	Escherichia coli	unspecified	GENOMIC	Illumina HiSeq 2500 paired end sequencing	Cattle E. coli
PRJEB45949	SAMEA9310024	ERX5796975	ERR6160523	562	Escherichia coli	unspecified	GENOMIC	Illumina HiSeq 2500 paired end sequencing	Cattle E. coli
PRJEB45949	SAMEA9310024	ERX5796976	ERR6160524	562	Escherichia coli	unspecified	GENOMIC	Illumina HiSeq 2500 paired end sequencing	Cattle E. coli
PRJEB45949	SAMEA9310024	ERX5796977	ERR6160525	562	Escherichia coli	unspecified	GENOMIC	Illumina HiSeq 2500 paired end sequencing	Cattle E. coli
PRJEB45949	SAMEA9310024	ERX5796978	ERR6160526	562	Escherichia coli	unspecified	GENOMIC	Illumina HiSeq 2500 paired end sequencing	Cattle E. coli
PRJEB45949	SAMEA9310024	ERX5796979	ERR6160527	562	Escherichia coli	unspecified	GENOMIC	Illumina HiSeq 2500 paired end sequencing	Cattle E. coli
PRJEB45949	SAMEA9310024	ERX5796980	ERR6160528	562	Escherichia coli	unspecified	GENOMIC	Illumina HiSeq 2500 paired end sequencing	Cattle E. coli
PRJEB45949	SAMEA9310024	ERX5796981	ERR6160529	562	Escherichia coli	unspecified	GENOMIC	Illumina HiSeq 2500 paired end sequencing	Cattle E. coli
PRJEB45949	SAMEA9310024	ERX5796982	ERR6160530	562	Escherichia coli	unspecified	GENOMIC	Illumina HiSeq 2500 paired end sequencing	Cattle E. coli
PRJEB45949	SAMEA9310024	ERX5796983	ERR6160531	562	Escherichia coli	unspecified	GENOMIC	Illumina HiSeq 2500 paired end sequencing	Cattle E. coli
PRJEB45949	SAMEA9310024	ERX5796984	ERR6160532	562	Escherichia coli	unspecified	GENOMIC	Illumina HiSeq 2500 paired end sequencing	Cattle E. coli
PRJEB45949	SAMEA9310024	ERX5796985	ERR6160533	562	Escherichia coli	unspecified	GENOMIC	Illumina HiSeq 2500 paired end sequencing	Cattle E. coli
PRJEB45949	SAMEA9310024	ERX5796986	ERR6160534	562	Escherichia coli	unspecified	GENOMIC	Illumina HiSeq 2500 paired end sequencing	Cattle E. coli
PRJEB45949	SAMEA9310024	ERX5796987	ERR6160535	562	Escherichia coli	unspecified	GENOMIC	Illumina HiSeq 2500 paired end sequencing	Cattle E. coli
PRJEB45949	SAMEA9310024	ERX5796988	ERR6160536	562	Escherichia coli	unspecified	GENOMIC	Illumina HiSeq 2500 paired end sequencing	Cattle E. coli
PRJEB45949	SAMEA9310024	ERX5796989	ERR6160537	562	Escherichia coli	unspecified	GENOMIC	Illumina HiSeq 2500 paired end sequencing	Cattle E. coli
PRJEB45949	SAMEA9310024	ERX5796990	ERR6160538	562	Escherichia coli	unspecified	GENOMIC	Illumina HiSeq 2500 paired end sequencing	Cattle E. coli
PRJEB45949	SAMEA9310024	ERX5796991	ERR6160539	562	Escherichia coli	unspecified	GENOMIC	Illumina HiSeq 2500 paired end sequencing	Cattle E. coli
PRJEB45949	SAMEA9310024	ERX5796992	ERR6160540	562	Escherichia coli	unspecified	GENOMIC	Illumina HiSeq 2500 paired end sequencing	Cattle E. coli
PRJEB45949	SAMEA9310024	ERX5796993	ERR6160541	562	Escherichia coli	unspecified	GENOMIC	Illumina HiSeq 2500 paired end sequencing	Cattle E. coli
PRJEB45949	SAMEA9310024	ERX5796994	ERR6160542	562	Escherichia coli	unspecified	GENOMIC	Illumina HiSeq 2500 paired end sequencing	Cattle E. coli
PRJEB45949	SAMEA9310024	ERX5796995	ERR6160543	562	Escherichia coli	unspecified	GENOMIC	Illumina HiSeq 2500 paired end sequencing	Cattle E. coli
PRJEB45949	SAMEA9310024	ERX5796996	ERR6160544	562	Escherichia coli	unspecified	GENOMIC	Illumina HiSeq 2500 paired end sequencing	Cattle E. coli
PRJEB45949	SAMEA9310024	ERX5796997	ERR6160545	562	Escherichia coli	unspecified	GENOMIC	Illumina HiSeq 2500 paired end sequencing	Cattle E. coli
PRJEB45949	SAMEA9310024	ERX5796998	ERR6160546	562	Escherichia coli	unspecified	GENOMIC	Illumina HiSeq 2500 paired end sequencing	Cattle E. coli
PRJEB45949	SAMEA9310024	ERX5796999	ERR6160547	562	Escherichia coli	unspecified	GENOMIC	Illumina HiSeq 2500 paired end sequencing	Cattle E. coli
PRJEB45949	SAMEA9310024	ERX5797000	ERR6160548	562	Escherichia coli	unspecified	GENOMIC	Illumina HiSeq 2500 paired end sequencing	Cattle E. coli
PRJEB45949	SAMEA9310024	ERX5797001	ERR6160549	562	Escherichia coli	unspecified	GENOMIC	Illumina HiSeq 2500 paired end sequencing	Cattle E. coli
PRJEB45949	SAMEA9310024	ERX5797002	ERR6160550	562	Escherichia coli	unspecified	GENOMIC	Illumina HiSeq 2500 paired end sequencing	Cattle E. coli
PRJEB45949	SAMEA9310024	ERX5797003	ERR6160551	562	Escherichia coli	unspecified	GENOMIC	Illumina HiSeq 2500 paired end sequencing	Cattle E. coli
PRJEB45949	SAMEA9310024	ERX5797004	ERR6160552	562	Escherichia coli	unspecified	GENOMIC	Illumina HiSeq 2500 paired end sequencing	Cattle E. coli
PRJEB45949	SAMEA9310024	ERX5797005	ERR6160553	562	Escherichia coli	unspecified	GENOMIC	Illumina HiSeq 2500 paired end sequencing	Cattle E. coli
PRJEB45949	SAMEA9310024	ERX5797006	ERR6160554	562	Escherichia coli	unspecified	GENOMIC	Illumina HiSeq 2500 paired end sequencing	Cattle E. coli
PRJEB45949	SAMEA9310024	ERX5797007	ERR6160555	562	Escherichia coli	unspecified	GENOMIC	Illumina HiSeq 2500 paired end sequencing	Cattle E. coli
PRJEB45949	SAMEA9310024	ERX5797008	ERR6160556	562	Escherichia coli	unspecified	GENOMIC	Illumina HiSeq 2500 paired end sequencing	Cattle E. coli
PRJEB45949	SAMEA9310024	ERX5797009	ERR6160557	562	Escherichia coli	unspecified	GENOMIC	Illumina HiSeq 2500 paired end sequencing	Cattle E. coli
PRJEB45949	SAMEA9310024	ERX5797010	ERR6160558	562	Escherichia coli	unspecified	GENOMIC	Illumina HiSeq 2500 paired end sequencing	Cattle E. coli
PRJEB45949	SAMEA9310024	ERX5797011	ERR6160559	562	Escherichia coli	unspecified	GENOMIC	Illumina HiSeq 2500 paired end sequencing	Cattle E. coli
PRJEB45949	SAMEA9310024	ERX5797012	ERR6160560	562	Escherichia coli	unspecified	GENOMIC	Illumina HiSeq 2500 paired end sequencing	Cattle E. coli
PRJEB45949	SAMEA9310024	ERX5797013	ERR6160561	562	Escherichia coli	unspecified	GENOMIC	Illumina HiSeq 2500 paired end sequencing	Cattle E. coli
PRJEB45949	SAMEA9310024	ERX5797014	ERR6160562	562	Escherichia coli	unspecified	GENOMIC	Illumina HiSeq 2500 paired end sequencing	Cattle E. coli
PRJEB45949	SAMEA9310024	ERX5797015	ERR6160563	562	Escherichia coli	unspecified	GENOMIC	Illumina HiSeq 2500 paired end sequencing	Cattle E. coli
PRJEB45949	SAMEA9310024	ERX5797016	ERR6160564	562	Escherichia coli	unspecified	GENOMIC	Illumina HiSeq 2500 paired end sequencing	Cattle E. coli
PRJEB45949	SAMEA9310024	ERX5797017	ERR6160565	562	Escherichia coli	unspecified	GENOMIC	Illumina HiSeq 2500 paired end sequencing	Cattle E. coli
PRJEB45949	SAMEA9310024	ERX5797018	ERR6160566	562	Escherichia coli	unspecified	GENOMIC	Illumina HiSeq 2500 paired end sequencing	Cattle E. coli
PRJEB45949	SAMEA9310024	ERX5797019	ERR6160567	562	Escherichia coli	unspecified	GENOMIC	Illumina HiSeq 2500 paired end sequencing	Cattle E. coli
PRJEB45949	SAMEA9310024	ERX5797020	ERR6160568	562	Escherichia coli	unspecified	GENOMIC	Illumina HiSeq 2500 paired end sequencing	Cattle E. coli
PRJEB45949	SAMEA9310024	ERX5797021	ERR6160569	562	Escherichia coli	unspecified	GENOMIC	Illumina HiSeq 2500 paired end sequencing	Cattle E. coli
PRJEB45949	SAMEA9310024	ERX5797022	ERR6160570	562	Escherichia coli	unspecified	GENOMIC	Illumina HiSeq 2500 paired end sequencing	Cattle E. coli
PRJEB45949	SAMEA9310024	ERX5797023	ERR6160571	562	Escherichia coli	unspecified	GENOMIC	Illumina HiSeq 2500 paired end sequencing	Cattle E. coli
PRJEB45949	SAMEA9310024	ERX5797024	ERR6160572	562	Escherichia coli	unspecified	GENOMIC	Illumina HiSeq 2500 paired end sequencing	Cattle E. coli
PRJEB45949	SAMEA9310024	ERX5797025	ERR6160573	562	Escherichia coli	unspecified	GENOMIC	Illumina HiSeq 2500 paired end sequencing	Cattle E. coli
PRJEB45949	SAMEA9310024	ERX5797026	ERR6160574	562	Escherichia coli	unspecified	GENOMIC	Illumina HiSeq 2500 paired end sequencing	Cattle E. coli
PRJEB45949	SAMEA9310024	ERX5797027	ERR6160575	562	Escherichia coli	unspecified	GENOMIC	Illumina HiSeq 2500 paired end sequencing	Cattle E. coli
PRJEB45949	SAMEA9310024	ERX5797028	ERR6160576	562	Escherichia coli	unspecified	GENOMIC	Illumina HiSeq 2500 paired end sequencing	Cattle E. coli
PRJEB45949	SAMEA9310024	ERX5797029	ERR6160577	562	Escherichia coli	unspecified	GENOMIC	Illumina HiSeq 2500 paired end sequencing	Cattle E. coli
PRJEB45949	SAMEA9310024	ERX5797030	ERR6160578	562	Escherichia coli	unspecified	GENOMIC	Illumina HiSeq 2500 paired end sequencing	Cattle E. coli
PRJEB45949	SAMEA9310024	ERX5797031	ERR6160579	562	Escherichia coli	unspecified	GENOMIC	Illumina HiSeq 2500 paired end sequencing	Cattle E. coli
PRJEB45949	SAMEA9310024	ERX5797032	ERR6160580	562	Escherichia coli	unspecified	GENOMIC	Illumina HiSeq 2500 paired end sequencing	Cattle E. coli
PRJEB45949	SAMEA9310024	ERX5797033	ERR6160581	562	Escherichia coli	unspecified	GENOMIC	Illumina HiSeq 2500 paired end sequencing	Cattle E. coli
PRJEB45949	SAMEA9310024	ERX5797034	ERR6160582	562	Escherichia coli	unspecified	GENOMIC	Illumina HiSeq 2500 paired end sequencing	Cattle E. coli
PRJEB45949	SAMEA9310025	ERX5797035	ERR6160583	562	Escherichia coli	unspecified	GENOMIC	Illumina HiSeq 2500 paired end sequencing	Urine E. coli
PRJEB45949	SAMEA9310024	ERX5797036	ERR6160584	562	Escherichia coli	unspecified	GENOMIC	Illumina HiSeq 2500 paired end sequencing	Cattle E. coli
PRJEB45949	SAMEA9310024	ERX5797037	ERR6160585	562	Escherichia coli	unspecified	GENOMIC	Illumina HiSeq 2500 paired end sequencing	Cattle E. coli
PRJEB45949	SAMEA9310024	ERX5797038	ERR6160586	562	Escherichia coli	unspecified	GENOMIC	Illumina HiSeq 2500 paired end sequencing	Cattle E. coli
PRJEB45949	SAMEA9310024	ERX5797039	ERR6160587	562	Escherichia coli	unspecified	GENOMIC	Illumina HiSeq 2500 paired end sequencing	Cattle E. coli
PRJEB45949	SAMEA9310024	ERX5797040	ERR6160588	562	Escherichia coli	unspecified	GENOMIC	Illumina HiSeq 2500 paired end sequencing	Cattle E. coli
PRJEB45949	SAMEA9310024	ERX5797041	ERR6160589	562	Escherichia coli	unspecified	GENOMIC	Illumina HiSeq 2500 paired end sequencing	Cattle E. coli
PRJEB45949	SAMEA9310024	ERX5797042	ERR6160590	562	Escherichia coli	unspecified	GENOMIC	Illumina HiSeq 2500 paired end sequencing	Cattle E. coli
PRJEB45949	SAMEA9310024	ERX5797043	ERR6160591	562	Escherichia coli	unspecified	GENOMIC	Illumina HiSeq 2500 paired end sequencing	Cattle E. coli
PRJEB45949	SAMEA9310024	ERX5797044	ERR6160592	562	Escherichia coli	unspecified	GENOMIC	Illumina HiSeq 2500 paired end sequencing	Cattle E. coli
PRJEB45949	SAMEA9310024	ERX5797045	ERR6160593	562	Escherichia coli	unspecified	GENOMIC	Illumina HiSeq 2500 paired end sequencing	Cattle E. coli
PRJEB45949	SAMEA9310024	ERX5797046	ERR6160594	562	Escherichia coli	unspecified	GENOMIC	Illumina HiSeq 2500 paired end sequencing	Cattle E. coli
PRJEB45949	SAMEA9310024	ERX5797047	ERR6160595	562	Escherichia coli	unspecified	GENOMIC	Illumina HiSeq 2500 paired end sequencing	Cattle E. coli
PRJEB45949	SAMEA9310024	ERX5797048	ERR6160596	562	Escherichia coli	unspecified	GENOMIC	Illumina HiSeq 2500 paired end sequencing	Cattle E. coli
PRJEB45949	SAMEA9310024	ERX5797049	ERR6160597	562	Escherichia coli	unspecified	GENOMIC	Illumina HiSeq 2500 paired end sequencing	Cattle E. coli
PRJEB45949	SAMEA9310024	ERX5797050	ERR6160598	562	Escherichia coli	unspecified	GENOMIC	Illumina HiSeq 2500 paired end sequencing	Cattle E. coli
PRJEB45949	SAMEA9310024	ERX5797051	ERR6160599	562	Escherichia coli	unspecified	GENOMIC	Illumina HiSeq 2500 paired end sequencing	Cattle E. coli
PRJEB45949	SAMEA9310024	ERX5797052	ERR6160600	562	Escherichia coli	unspecified	GENOMIC	Illumina HiSeq 2500 paired end sequencing	Cattle E. coli
PRJEB45949	SAMEA9310024	ERX5797053	ERR6160601	562	Escherichia coli	unspecified	GENOMIC	Illumina HiSeq 2500 paired end sequencing	Cattle E. coli
PRJEB45949	SAMEA9310024	ERX5797054	ERR6160602	562	Escherichia coli	unspecified	GENOMIC	Illumina HiSeq 2500 paired end sequencing	Cattle E. coli
PRJEB45949	SAMEA9310024	ERX5797055	ERR6160603	562	Escherichia coli	unspecified	GENOMIC	Illumina HiSeq 2500 paired end sequencing	Cattle E. coli
PRJEB45949	SAMEA9310024	ERX5797056	ERR6160604	562	Escherichia coli	unspecified	GENOMIC	Illumina HiSeq 2500 paired end sequencing	Cattle E. coli
PRJEB45949	SAMEA9310024	ERX5797057	ERR6160605	562	Escherichia coli	unspecified	GENOMIC	Illumina HiSeq 2500 paired end sequencing	Cattle E. coli
PRJEB45949	SAMEA9310024	ERX5797058	ERR6160606	562	Escherichia coli	unspecified	GENOMIC	Illumina HiSeq 2500 paired end sequencing	Cattle E. coli
PRJEB45949	SAMEA9310024	ERX5797059	ERR6160607	562	Escherichia coli	unspecified	GENOMIC	Illumina HiSeq 2500 paired end sequencing	Cattle E. coli
PRJEB45949	SAMEA9310024	ERX5797060	ERR6160608	562	Escherichia coli	unspecified	GENOMIC	Illumina HiSeq 2500 paired end sequencing	Cattle E. coli
PRJEB45949	SAMEA9310024	ERX5797061	ERR6160609	562	Escherichia coli	unspecified	GENOMIC	Illumina HiSeq 2500 paired end sequencing	Cattle E. coli
PRJEB45949	SAMEA9310024	ERX5797062	ERR6160610	562	Escherichia coli	unspecified	GENOMIC	Illumina HiSeq 2500 paired end sequencing	Cattle E. coli
PRJEB45949	SAMEA9310024	ERX5797063	ERR6160611	562	Escherichia coli	unspecified	GENOMIC	Illumina HiSeq 2500 paired end sequencing	Cattle E. coli
PRJEB45949	SAMEA9310024	ERX5797064	ERR6160612	562	Escherichia coli	unspecified	GENOMIC	Illumina HiSeq 2500 paired end sequencing	Cattle E. coli
PRJEB45949	SAMEA9310024	ERX5797065	ERR6160613	562	Escherichia coli	unspecified	GENOMIC	Illumina HiSeq 2500 paired end sequencing	Cattle E. coli
PRJEB45949	SAMEA9310024	ERX5797066	ERR6160614	562	Escherichia coli	unspecified	GENOMIC	Illumina HiSeq 2500 paired end sequencing	Cattle E. coli
PRJEB45949	SAMEA9310024	ERX5797067	ERR6160615	562	Escherichia coli	unspecified	GENOMIC	Illumina HiSeq 2500 paired end sequencing	Cattle E. coli
PRJEB45949	SAMEA9310024	ERX5797068	ERR6160616	562	Escherichia coli	unspecified	GENOMIC	Illumina HiSeq 2500 paired end sequencing	Cattle E. coli
PRJEB45949	SAMEA9310024	ERX5797069	ERR6160617	562	Escherichia coli	unspecified	GENOMIC	Illumina HiSeq 2500 paired end sequencing	Cattle E. coli
PRJEB45949	SAMEA9310024	ERX5797070	ERR6160618	562	Escherichia coli	unspecified	GENOMIC	Illumina HiSeq 2500 paired end sequencing	Cattle E. coli
PRJEB45949	SAMEA9310024	ERX5797071	ERR6160619	562	Escherichia coli	unspecified	GENOMIC	Illumina HiSeq 2500 paired end sequencing	Cattle E. coli
PRJEB45949	SAMEA9310024	ERX5797072	ERR6160620	562	Escherichia coli	unspecified	GENOMIC	Illumina HiSeq 2500 paired end sequencing	Cattle E. coli
PRJEB45949	SAMEA9310024	ERX5797073	ERR6160621	562	Escherichia coli	unspecified	GENOMIC	Illumina HiSeq 2500 paired end sequencing	Cattle E. coli
PRJEB45949	SAMEA9310024	ERX5797074	ERR6160622	562	Escherichia coli	unspecified	GENOMIC	Illumina HiSeq 2500 paired end sequencing	Cattle E. coli
PRJEB45949	SAMEA9310024	ERX5797075	ERR6160623	562	Escherichia coli	unspecified	GENOMIC	Illumina HiSeq 2500 paired end sequencing	Cattle E. coli
PRJEB45949	SAMEA9310024	ERX5797076	ERR6160624	562	Escherichia coli	unspecified	GENOMIC	Illumina HiSeq 2500 paired end sequencing	Cattle E. coli
PRJEB45949	SAMEA9310024	ERX5797077	ERR6160625	562	Escherichia coli	unspecified	GENOMIC	Illumina HiSeq 2500 paired end sequencing	Cattle E. coli
PRJEB45949	SAMEA9310024	ERX5797078	ERR6160626	562	Escherichia coli	unspecified	GENOMIC	Illumina HiSeq 2500 paired end sequencing	Cattle E. coli
PRJEB45949	SAMEA9310024	ERX5797079	ERR6160627	562	Escherichia coli	unspecified	GENOMIC	Illumina HiSeq 2500 paired end sequencing	Cattle E. coli
PRJEB45949	SAMEA9310024	ERX5797080	ERR6160628	562	Escherichia coli	unspecified	GENOMIC	Illumina HiSeq 2500 paired end sequencing	Cattle E. coli
PRJEB45949	SAMEA9310024	ERX5797081	ERR6160629	562	Escherichia coli	unspecified	GENOMIC	Illumina HiSeq 2500 paired end sequencing	Cattle E. coli
PRJEB45949	SAMEA9310024	ERX5797082	ERR6160630	562	Escherichia coli	unspecified	GENOMIC	Illumina HiSeq 2500 paired end sequencing	Cattle E. coli
PRJEB45949	SAMEA9310024	ERX5797083	ERR6160631	562	Escherichia coli	unspecified	GENOMIC	Illumina HiSeq 2500 paired end sequencing	Cattle E. coli
PRJEB45949	SAMEA9310024	ERX5797084	ERR6160632	562	Escherichia coli	unspecified	GENOMIC	Illumina HiSeq 2500 paired end sequencing	Cattle E. coli
PRJEB45949	SAMEA9310024	ERX5797085	ERR6160633	562	Escherichia coli	unspecified	GENOMIC	Illumina HiSeq 2500 paired end sequencing	Cattle E. coli
PRJEB45949	SAMEA9310024	ERX5797086	ERR6160634	562	Escherichia coli	unspecified	GENOMIC	Illumina HiSeq 2500 paired end sequencing	Cattle E. coli
PRJEB45949	SAMEA9310024	ERX5797087	ERR6160635	562	Escherichia coli	unspecified	GENOMIC	Illumina HiSeq 2500 paired end sequencing	Cattle E. coli
PRJEB45949	SAMEA9310024	ERX5797088	ERR6160636	562	Escherichia coli	unspecified	GENOMIC	Illumina HiSeq 2500 paired end sequencing	Cattle E. coli
PRJEB45949	SAMEA9310024	ERX5797089	ERR6160637	562	Escherichia coli	unspecified	GENOMIC	Illumina HiSeq 2500 paired end sequencing	Cattle E. coli
PRJEB45949	SAMEA9310024	ERX5797090	ERR6160638	562	Escherichia coli	unspecified	GENOMIC	Illumina HiSeq 2500 paired end sequencing	Cattle E. coli
PRJEB45949	SAMEA9310027	ERX5797091	ERR6160639	562	Escherichia coli	unspecified	GENOMIC	Illumina HiSeq 2500 paired end sequencing	Canine E. coli
PRJEB45949	SAMEA9310027	ERX5797092	ERR6160640	562	Escherichia coli	unspecified	GENOMIC	Illumina HiSeq 2500 paired end sequencing	Canine E. coli
PRJEB45949	SAMEA9310027	ERX5797093	ERR6160641	562	Escherichia coli	unspecified	GENOMIC	Illumina HiSeq 2500 paired end sequencing	Canine E. coli
PRJEB45949	SAMEA9310027	ERX5797094	ERR6160642	562	Escherichia coli	unspecified	GENOMIC	Illumina HiSeq 2500 paired end sequencing	Canine E. coli
PRJEB45949	SAMEA9310027	ERX5797095	ERR6160643	562	Escherichia coli	unspecified	GENOMIC	Illumina HiSeq 2500 paired end sequencing	Canine E. coli
PRJEB45949	SAMEA9310027	ERX5797096	ERR6160644	562	Escherichia coli	unspecified	GENOMIC	Illumina HiSeq 2500 paired end sequencing	Canine E. coli
PRJEB45949	SAMEA9310025	ERX5797097	ERR6160645	562	Escherichia coli	unspecified	GENOMIC	Illumina HiSeq 2500 paired end sequencing	Urine E. coli
PRJEB45949	SAMEA9310025	ERX5797098	ERR6160646	562	Escherichia coli	unspecified	GENOMIC	Illumina HiSeq 2500 paired end sequencing	Urine E. coli
PRJEB45949	SAMEA9310025	ERX5797099	ERR6160647	562	Escherichia coli	unspecified	GENOMIC	Illumina HiSeq 2500 paired end sequencing	Urine E. coli
PRJEB45949	SAMEA9310025	ERX5797100	ERR6160648	562	Escherichia coli	unspecified	GENOMIC	Illumina HiSeq 2500 paired end sequencing	Urine E. coli
PRJEB45949	SAMEA9310025	ERX5797101	ERR6160649	562	Escherichia coli	unspecified	GENOMIC	Illumina HiSeq 2500 paired end sequencing	Urine E. coli
PRJEB45949	SAMEA9310025	ERX5797102	ERR6160650	562	Escherichia coli	unspecified	GENOMIC	Illumina HiSeq 2500 paired end sequencing	Urine E. coli
PRJEB45949	SAMEA9310025	ERX5797103	ERR6160651	562	Escherichia coli	unspecified	GENOMIC	Illumina HiSeq 2500 paired end sequencing	Urine E. coli
PRJEB45949	SAMEA9310025	ERX5797104	ERR6160652	562	Escherichia coli	unspecified	GENOMIC	Illumina HiSeq 2500 paired end sequencing	Urine E. coli
PRJEB45949	SAMEA9310025	ERX5797105	ERR6160653	562	Escherichia coli	unspecified	GENOMIC	Illumina HiSeq 2500 paired end sequencing	Urine E. coli
PRJEB45949	SAMEA9310025	ERX5797106	ERR6160654	562	Escherichia coli	unspecified	GENOMIC	Illumina HiSeq 2500 paired end sequencing	Urine E. coli
PRJEB45949	SAMEA9310025	ERX5797107	ERR6160655	562	Escherichia coli	unspecified	GENOMIC	Illumina HiSeq 2500 paired end sequencing	Urine E. coli
PRJEB45949	SAMEA9310024	ERX5797108	ERR6160656	562	Escherichia coli	unspecified	GENOMIC	Illumina HiSeq 2500 paired end sequencing	Cattle E. coli
PRJEB45949	SAMEA9310024	ERX5797109	ERR6160657	562	Escherichia coli	unspecified	GENOMIC	Illumina HiSeq 2500 paired end sequencing	Cattle E. coli
PRJEB45949	SAMEA9310027	ERX5797110	ERR6160658	562	Escherichia coli	unspecified	GENOMIC	Illumina HiSeq 2500 paired end sequencing	Canine E. coli
PRJEB45949	SAMEA9310027	ERX5797111	ERR6160659	562	Escherichia coli	unspecified	GENOMIC	Illumina HiSeq 2500 paired end sequencing	Canine E. coli
PRJEB45949	SAMEA9310027	ERX5797112	ERR6160660	562	Escherichia coli	unspecified	GENOMIC	Illumina HiSeq 2500 paired end sequencing	Canine E. coli
PRJEB45949	SAMEA9310027	ERX5797113	ERR6160661	562	Escherichia coli	unspecified	GENOMIC	Illumina HiSeq 2500 paired end sequencing	Canine E. coli
PRJEB45949	SAMEA9310027	ERX5797114	ERR6160662	562	Escherichia coli	unspecified	GENOMIC	Illumina HiSeq 2500 paired end sequencing	Canine E. coli
PRJEB45949	SAMEA9310027	ERX5797115	ERR6160663	562	Escherichia coli	unspecified	GENOMIC	Illumina HiSeq 2500 paired end sequencing	Canine E. coli
PRJEB45949	SAMEA9310027	ERX5797116	ERR6160664	562	Escherichia coli	unspecified	GENOMIC	Illumina HiSeq 2500 paired end sequencing	Canine E. coli
PRJEB45949	SAMEA9310027	ERX5797117	ERR6160665	562	Escherichia coli	unspecified	GENOMIC	Illumina HiSeq 2500 paired end sequencing	Canine E. coli
PRJEB45949	SAMEA9310027	ERX5797118	ERR6160666	562	Escherichia coli	unspecified	GENOMIC	Illumina HiSeq 2500 paired end sequencing	Canine E. coli
PRJEB45949	SAMEA9310027	ERX5797119	ERR6160667	562	Escherichia coli	unspecified	GENOMIC	Illumina HiSeq 2500 paired end sequencing	Canine E. coli
PRJEB45949	SAMEA9310027	ERX5797120	ERR6160668	562	Escherichia coli	unspecified	GENOMIC	Illumina HiSeq 2500 paired end sequencing	Canine E. coli
PRJEB45949	SAMEA9310027	ERX5797121	ERR6160669	562	Escherichia coli	unspecified	GENOMIC	Illumina HiSeq 2500 paired end sequencing	Canine E. coli
PRJEB45949	SAMEA9310027	ERX5797122	ERR6160670	562	Escherichia coli	unspecified	GENOMIC	Illumina HiSeq 2500 paired end sequencing	Canine E. coli
PRJEB45949	SAMEA9310027	ERX5797123	ERR6160671	562	Escherichia coli	unspecified	GENOMIC	Illumina HiSeq 2500 paired end sequencing	Canine E. coli
PRJEB45949	SAMEA9310027	ERX5797124	ERR6160672	562	Escherichia coli	unspecified	GENOMIC	Illumina HiSeq 2500 paired end sequencing	Canine E. coli
PRJEB45949	SAMEA9310027	ERX5797125	ERR6160673	562	Escherichia coli	unspecified	GENOMIC	Illumina HiSeq 2500 paired end sequencing	Canine E. coli
PRJEB45949	SAMEA9310027	ERX5797126	ERR6160674	562	Escherichia coli	unspecified	GENOMIC	Illumina HiSeq 2500 paired end sequencing	Canine E. coli
PRJEB45949	SAMEA9310027	ERX5797127	ERR6160675	562	Escherichia coli	unspecified	GENOMIC	Illumina HiSeq 2500 paired end sequencing	Canine E. coli
PRJEB45949	SAMEA9310027	ERX5797128	ERR6160676	562	Escherichia coli	unspecified	GENOMIC	Illumina HiSeq 2500 paired end sequencing	Canine E. coli
PRJEB45949	SAMEA9310027	ERX5797129	ERR6160677	562	Escherichia coli	unspecified	GENOMIC	Illumina HiSeq 2500 paired end sequencing	Canine E. coli
PRJEB45949	SAMEA9310027	ERX5797130	ERR6160678	562	Escherichia coli	unspecified	GENOMIC	Illumina HiSeq 2500 paired end sequencing	Canine E. coli
PRJEB45949	SAMEA9310027	ERX5797131	ERR6160679	562	Escherichia coli	unspecified	GENOMIC	Illumina HiSeq 2500 paired end sequencing	Canine E. coli
PRJEB45949	SAMEA9310027	ERX5797132	ERR6160680	562	Escherichia coli	unspecified	GENOMIC	Illumina HiSeq 2500 paired end sequencing	Canine E. coli
PRJEB45949	SAMEA9310027	ERX5797133	ERR6160681	562	Escherichia coli	unspecified	GENOMIC	Illumina HiSeq 2500 paired end sequencing	Canine E. coli
PRJEB45949	SAMEA9310027	ERX5797134	ERR6160682	562	Escherichia coli	unspecified	GENOMIC	Illumina HiSeq 2500 paired end sequencing	Canine E. coli
PRJEB45949	SAMEA9310027	ERX5797135	ERR6160683	562	Escherichia coli	unspecified	GENOMIC	Illumina HiSeq 2500 paired end sequencing	Canine E. coli
PRJEB45949	SAMEA9310027	ERX5797136	ERR6160684	562	Escherichia coli	unspecified	GENOMIC	Illumina HiSeq 2500 paired end sequencing	Canine E. coli
PRJEB45949	SAMEA9310027	ERX5797137	ERR6160685	562	Escherichia coli	unspecified	GENOMIC	Illumina HiSeq 2500 paired end sequencing	Canine E. coli
PRJEB45949	SAMEA9310027	ERX5797138	ERR6160686	562	Escherichia coli	unspecified	GENOMIC	Illumina HiSeq 2500 paired end sequencing	Canine E. coli
PRJEB45949	SAMEA9310027	ERX5797139	ERR6160687	562	Escherichia coli	unspecified	GENOMIC	Illumina HiSeq 2500 paired end sequencing	Canine E. coli
PRJEB45949	SAMEA9310024	ERX5797140	ERR6160688	562	Escherichia coli	unspecified	GENOMIC	Illumina HiSeq 2500 paired end sequencing	Cattle E. coli
PRJEB45949	SAMEA9310024	ERX5797141	ERR6160689	562	Escherichia coli	unspecified	GENOMIC	Illumina HiSeq 2500 paired end sequencing	Cattle E. coli
PRJEB45949	SAMEA9310024	ERX5797142	ERR6160690	562	Escherichia coli	unspecified	GENOMIC	Illumina HiSeq 2500 paired end sequencing	Cattle E. coli
PRJEB45949	SAMEA9310024	ERX5797143	ERR6160691	562	Escherichia coli	unspecified	GENOMIC	Illumina HiSeq 2500 paired end sequencing	Cattle E. coli
PRJEB45949	SAMEA9310024	ERX5797144	ERR6160692	562	Escherichia coli	unspecified	GENOMIC	Illumina HiSeq 2500 paired end sequencing	Cattle E. coli
PRJEB45949	SAMEA9310024	ERX5797145	ERR6160693	562	Escherichia coli	unspecified	GENOMIC	Illumina HiSeq 2500 paired end sequencing	Cattle E. coli
PRJEB45949	SAMEA9310025	ERX5797146	ERR6160694	562	Escherichia coli	unspecified	GENOMIC	Illumina HiSeq 2500 paired end sequencing	Urine E. coli
PRJEB45949	SAMEA9310025	ERX5797147	ERR6160695	562	Escherichia coli	unspecified	GENOMIC	Illumina HiSeq 2500 paired end sequencing	Urine E. coli
PRJEB45949	SAMEA9310025	ERX5797148	ERR6160696	562	Escherichia coli	unspecified	GENOMIC	Illumina HiSeq 2500 paired end sequencing	Urine E. coli
PRJEB45949	SAMEA9310025	ERX5797149	ERR6160697	562	Escherichia coli	unspecified	GENOMIC	Illumina HiSeq 2500 paired end sequencing	Urine E. coli
PRJEB45949	SAMEA9310025	ERX5797150	ERR6160698	562	Escherichia coli	unspecified	GENOMIC	Illumina HiSeq 2500 paired end sequencing	Urine E. coli
PRJEB45949	SAMEA9310025	ERX5797151	ERR6160699	562	Escherichia coli	unspecified	GENOMIC	Illumina HiSeq 2500 paired end sequencing	Urine E. coli
PRJEB45949	SAMEA9310025	ERX5797152	ERR6160700	562	Escherichia coli	unspecified	GENOMIC	Illumina HiSeq 2500 paired end sequencing	Urine E. coli
PRJEB45949	SAMEA9310025	ERX5797153	ERR6160701	562	Escherichia coli	unspecified	GENOMIC	Illumina HiSeq 2500 paired end sequencing	Urine E. coli
PRJEB45949	SAMEA9310025	ERX5797154	ERR6160702	562	Escherichia coli	unspecified	GENOMIC	Illumina HiSeq 2500 paired end sequencing	Urine E. coli
PRJEB45949	SAMEA9310025	ERX5797155	ERR6160703	562	Escherichia coli	unspecified	GENOMIC	Illumina HiSeq 2500 paired end sequencing	Urine E. coli
PRJEB45949	SAMEA9310024	ERX5797156	ERR6160704	562	Escherichia coli	unspecified	GENOMIC	Illumina HiSeq 2500 paired end sequencing	Cattle E. coli
PRJEB45949	SAMEA9310027	ERX5797157	ERR6160705	562	Escherichia coli	unspecified	GENOMIC	Illumina HiSeq 2500 paired end sequencing	Canine E. coli
PRJEB45949	SAMEA9310027	ERX5797158	ERR6160706	562	Escherichia coli	unspecified	GENOMIC	Illumina HiSeq 2500 paired end sequencing	Canine E. coli
PRJEB45949	SAMEA9310027	ERX5797159	ERR6160707	562	Escherichia coli	unspecified	GENOMIC	Illumina HiSeq 2500 paired end sequencing	Canine E. coli
PRJEB45949	SAMEA9310027	ERX5797160	ERR6160708	562	Escherichia coli	unspecified	GENOMIC	Illumina HiSeq 2500 paired end sequencing	Canine E. coli
PRJEB45949	SAMEA9310027	ERX5797161	ERR6160709	562	Escherichia coli	unspecified	GENOMIC	Illumina HiSeq 2500 paired end sequencing	Canine E. coli
PRJEB45949	SAMEA9310027	ERX5797162	ERR6160710	562	Escherichia coli	unspecified	GENOMIC	Illumina HiSeq 2500 paired end sequencing	Canine E. coli
PRJEB45949	SAMEA9310027	ERX5797163	ERR6160711	562	Escherichia coli	unspecified	GENOMIC	Illumina HiSeq 2500 paired end sequencing	Canine E. coli
PRJEB45949	SAMEA9310027	ERX5797164	ERR6160712	562	Escherichia coli	unspecified	GENOMIC	Illumina HiSeq 2500 paired end sequencing	Canine E. coli
PRJEB45949	SAMEA9310027	ERX5797165	ERR6160713	562	Escherichia coli	unspecified	GENOMIC	Illumina HiSeq 2500 paired end sequencing	Canine E. coli
PRJEB45949	SAMEA9310027	ERX5797166	ERR6160714	562	Escherichia coli	unspecified	GENOMIC	Illumina HiSeq 2500 paired end sequencing	Canine E. coli
PRJEB45949	SAMEA9310027	ERX5797167	ERR6160715	562	Escherichia coli	unspecified	GENOMIC	Illumina HiSeq 2500 paired end sequencing	Canine E. coli
PRJEB45949	SAMEA9310027	ERX5797168	ERR6160716	562	Escherichia coli	unspecified	GENOMIC	Illumina HiSeq 2500 paired end sequencing	Canine E. coli
PRJEB45949	SAMEA9310027	ERX5797169	ERR6160717	562	Escherichia coli	unspecified	GENOMIC	Illumina HiSeq 2500 paired end sequencing	Canine E. coli
PRJEB45949	SAMEA9310027	ERX5797170	ERR6160718	562	Escherichia coli	unspecified	GENOMIC	Illumina HiSeq 2500 paired end sequencing	Canine E. coli
PRJEB45949	SAMEA9310027	ERX5797171	ERR6160719	562	Escherichia coli	unspecified	GENOMIC	Illumina HiSeq 2500 paired end sequencing	Canine E. coli
PRJEB45949	SAMEA9310027	ERX5797172	ERR6160720	562	Escherichia coli	unspecified	GENOMIC	Illumina HiSeq 2500 paired end sequencing	Canine E. coli
PRJEB45949	SAMEA9310027	ERX5797173	ERR6160721	562	Escherichia coli	unspecified	GENOMIC	Illumina HiSeq 2500 paired end sequencing	Canine E. coli
PRJEB45949	SAMEA9310027	ERX5797174	ERR6160722	562	Escherichia coli	unspecified	GENOMIC	Illumina HiSeq 2500 paired end sequencing	Canine E. coli
PRJEB45949	SAMEA9310027	ERX5797175	ERR6160723	562	Escherichia coli	unspecified	GENOMIC	Illumina HiSeq 2500 paired end sequencing	Canine E. coli
PRJEB45949	SAMEA9310027	ERX5797176	ERR6160724	562	Escherichia coli	unspecified	GENOMIC	Illumina HiSeq 2500 paired end sequencing	Canine E. coli
PRJEB45949	SAMEA9310027	ERX5797177	ERR6160725	562	Escherichia coli	unspecified	GENOMIC	Illumina HiSeq 2500 paired end sequencing	Canine E. coli
PRJEB45949	SAMEA9310027	ERX5797178	ERR6160726	562	Escherichia coli	unspecified	GENOMIC	Illumina HiSeq 2500 paired end sequencing	Canine E. coli
PRJEB45949	SAMEA9310027	ERX5797179	ERR6160727	562	Escherichia coli	unspecified	GENOMIC	Illumina HiSeq 2500 paired end sequencing	Canine E. coli
PRJEB45949	SAMEA9310027	ERX5797180	ERR6160728	562	Escherichia coli	unspecified	GENOMIC	Illumina HiSeq 2500 paired end sequencing	Canine E. coli
PRJEB45949	SAMEA9310027	ERX5797181	ERR6160729	562	Escherichia coli	unspecified	GENOMIC	Illumina HiSeq 2500 paired end sequencing	Canine E. coli
PRJEB45949	SAMEA9310027	ERX5797182	ERR6160730	562	Escherichia coli	unspecified	GENOMIC	Illumina HiSeq 2500 paired end sequencing	Canine E. coli
PRJEB45949	SAMEA9310027	ERX5797183	ERR6160731	562	Escherichia coli	unspecified	GENOMIC	Illumina HiSeq 2500 paired end sequencing	Canine E. coli
PRJEB45949	SAMEA9310027	ERX5797184	ERR6160732	562	Escherichia coli	unspecified	GENOMIC	Illumina HiSeq 2500 paired end sequencing	Canine E. coli
PRJEB45949	SAMEA9310027	ERX5797185	ERR6160733	562	Escherichia coli	unspecified	GENOMIC	Illumina HiSeq 2500 paired end sequencing	Canine E. coli
PRJEB45949	SAMEA9310027	ERX5797186	ERR6160734	562	Escherichia coli	unspecified	GENOMIC	Illumina HiSeq 2500 paired end sequencing	Canine E. coli
PRJEB45949	SAMEA9310027	ERX5797187	ERR6160735	562	Escherichia coli	unspecified	GENOMIC	Illumina HiSeq 2500 paired end sequencing	Canine E. coli
PRJEB45949	SAMEA9310027	ERX5797188	ERR6160736	562	Escherichia coli	unspecified	GENOMIC	Illumina HiSeq 2500 paired end sequencing	Canine E. coli
PRJEB45949	SAMEA9310027	ERX5797189	ERR6160737	562	Escherichia coli	unspecified	GENOMIC	Illumina HiSeq 2500 paired end sequencing	Canine E. coli
PRJEB45949	SAMEA9310027	ERX5797190	ERR6160738	562	Escherichia coli	unspecified	GENOMIC	Illumina HiSeq 2500 paired end sequencing	Canine E. coli
PRJEB45949	SAMEA9310027	ERX5797191	ERR6160739	562	Escherichia coli	unspecified	GENOMIC	Illumina HiSeq 2500 paired end sequencing	Canine E. coli
PRJEB45949	SAMEA9310027	ERX5797192	ERR6160740	562	Escherichia coli	unspecified	GENOMIC	Illumina HiSeq 2500 paired end sequencing	Canine E. coli
PRJEB45949	SAMEA9310027	ERX5797193	ERR6160741	562	Escherichia coli	unspecified	GENOMIC	Illumina HiSeq 2500 paired end sequencing	Canine E. coli
PRJEB45949	SAMEA9310027	ERX5797194	ERR6160742	562	Escherichia coli	unspecified	GENOMIC	Illumina HiSeq 2500 paired end sequencing	Canine E. coli
PRJEB45949	SAMEA9310027	ERX5797195	ERR6160743	562	Escherichia coli	unspecified	GENOMIC	Illumina HiSeq 2500 paired end sequencing	Canine E. coli
PRJEB45949	SAMEA9310027	ERX5797196	ERR6160744	562	Escherichia coli	unspecified	GENOMIC	Illumina HiSeq 2500 paired end sequencing	Canine E. coli
PRJEB45949	SAMEA9310027	ERX5797197	ERR6160745	562	Escherichia coli	unspecified	GENOMIC	Illumina HiSeq 2500 paired end sequencing	Canine E. coli
PRJEB45949	SAMEA9310027	ERX5797198	ERR6160746	562	Escherichia coli	unspecified	GENOMIC	Illumina HiSeq 2500 paired end sequencing	Canine E. coli
PRJEB45949	SAMEA9310027	ERX5797199	ERR6160747	562	Escherichia coli	unspecified	GENOMIC	Illumina HiSeq 2500 paired end sequencing	Canine E. coli
PRJEB45949	SAMEA9310027	ERX5797200	ERR6160748	562	Escherichia coli	unspecified	GENOMIC	Illumina HiSeq 2500 paired end sequencing	Canine E. coli
PRJEB45949	SAMEA9310027	ERX5797201	ERR6160749	562	Escherichia coli	unspecified	GENOMIC	Illumina HiSeq 2500 paired end sequencing	Canine E. coli
PRJEB45949	SAMEA9310027	ERX5797202	ERR6160750	562	Escherichia coli	unspecified	GENOMIC	Illumina HiSeq 2500 paired end sequencing	Canine E. coli
PRJEB45949	SAMEA9310027	ERX5797203	ERR6160751	562	Escherichia coli	unspecified	GENOMIC	Illumina HiSeq 2500 paired end sequencing	Canine E. coli
PRJEB45949	SAMEA9310024	ERX5797204	ERR6160752	562	Escherichia coli	unspecified	GENOMIC	Illumina HiSeq 2500 paired end sequencing	Cattle E. coli
PRJEB45949	SAMEA9310024	ERX5797205	ERR6160753	562	Escherichia coli	unspecified	GENOMIC	Illumina HiSeq 2500 paired end sequencing	Cattle E. coli
PRJEB45949	SAMEA9310024	ERX5797206	ERR6160754	562	Escherichia coli	unspecified	GENOMIC	Illumina HiSeq 2500 paired end sequencing	Cattle E. coli
PRJEB45949	SAMEA9310024	ERX5797207	ERR6160755	562	Escherichia coli	unspecified	GENOMIC	Illumina HiSeq 2500 paired end sequencing	Cattle E. coli
PRJEB45949	SAMEA9310024	ERX5797208	ERR6160756	562	Escherichia coli	unspecified	GENOMIC	Illumina HiSeq 2500 paired end sequencing	Cattle E. coli
PRJEB45949	SAMEA9310024	ERX5797209	ERR6160757	562	Escherichia coli	unspecified	GENOMIC	Illumina HiSeq 2500 paired end sequencing	Cattle E. coli
PRJEB45949	SAMEA9310024	ERX5797210	ERR6160758	562	Escherichia coli	unspecified	GENOMIC	Illumina HiSeq 2500 paired end sequencing	Cattle E. coli
PRJEB45949	SAMEA9310024	ERX5797211	ERR6160759	562	Escherichia coli	unspecified	GENOMIC	Illumina HiSeq 2500 paired end sequencing	Cattle E. coli
PRJEB45949	SAMEA9310024	ERX5797212	ERR6160760	562	Escherichia coli	unspecified	GENOMIC	Illumina HiSeq 2500 paired end sequencing	Cattle E. coli
PRJEB45949	SAMEA9310024	ERX5797213	ERR6160761	562	Escherichia coli	unspecified	GENOMIC	Illumina HiSeq 2500 paired end sequencing	Cattle E. coli
PRJEB45949	SAMEA9310024	ERX5797214	ERR6160762	562	Escherichia coli	unspecified	GENOMIC	Illumina HiSeq 2500 paired end sequencing	Cattle E. coli
PRJEB45949	SAMEA9310024	ERX5797215	ERR6160763	562	Escherichia coli	unspecified	GENOMIC	Illumina HiSeq 2500 paired end sequencing	Cattle E. coli
PRJEB45949	SAMEA9310024	ERX5797216	ERR6160764	562	Escherichia coli	unspecified	GENOMIC	Illumina HiSeq 2500 paired end sequencing	Cattle E. coli
PRJEB45949	SAMEA9310024	ERX5797217	ERR6160765	562	Escherichia coli	unspecified	GENOMIC	Illumina HiSeq 2500 paired end sequencing	Cattle E. coli
PRJEB45949	SAMEA9310024	ERX5797218	ERR6160766	562	Escherichia coli	unspecified	GENOMIC	Illumina HiSeq 2500 paired end sequencing	Cattle E. coli
PRJEB45949	SAMEA9310024	ERX5797219	ERR6160767	562	Escherichia coli	unspecified	GENOMIC	Illumina HiSeq 2500 paired end sequencing	Cattle E. coli
PRJEB45949	SAMEA9310024	ERX5797220	ERR6160768	562	Escherichia coli	unspecified	GENOMIC	Illumina HiSeq 2500 paired end sequencing	Cattle E. coli
PRJEB45949	SAMEA9310024	ERX5797221	ERR6160769	562	Escherichia coli	unspecified	GENOMIC	Illumina HiSeq 2500 paired end sequencing	Cattle E. coli
PRJEB45949	SAMEA9310024	ERX5797222	ERR6160770	562	Escherichia coli	unspecified	GENOMIC	Illumina HiSeq 2500 paired end sequencing	Cattle E. coli
PRJEB45949	SAMEA9310024	ERX5797223	ERR6160771	562	Escherichia coli	unspecified	GENOMIC	Illumina HiSeq 2500 paired end sequencing	Cattle E. coli
PRJEB45949	SAMEA9310024	ERX5797224	ERR6160772	562	Escherichia coli	unspecified	GENOMIC	Illumina HiSeq 2500 paired end sequencing	Cattle E. coli
PRJEB45949	SAMEA9310024	ERX5797225	ERR6160773	562	Escherichia coli	unspecified	GENOMIC	Illumina HiSeq 2500 paired end sequencing	Cattle E. coli
PRJEB45949	SAMEA9310024	ERX5797226	ERR6160774	562	Escherichia coli	unspecified	GENOMIC	Illumina HiSeq 2500 paired end sequencing	Cattle E. coli
PRJEB45949	SAMEA9310024	ERX5797227	ERR6160775	562	Escherichia coli	unspecified	GENOMIC	Illumina HiSeq 2500 paired end sequencing	Cattle E. coli
PRJEB45949	SAMEA9310024	ERX5797228	ERR6160776	562	Escherichia coli	unspecified	GENOMIC	Illumina HiSeq 2500 paired end sequencing	Cattle E. coli
PRJEB45949	SAMEA9310024	ERX5797229	ERR6160777	562	Escherichia coli	unspecified	GENOMIC	Illumina HiSeq 2500 paired end sequencing	Cattle E. coli
PRJEB45949	SAMEA9310024	ERX5797230	ERR6160778	562	Escherichia coli	unspecified	GENOMIC	Illumina HiSeq 2500 paired end sequencing	Cattle E. coli
PRJEB45949	SAMEA9310024	ERX5797231	ERR6160779	562	Escherichia coli	unspecified	GENOMIC	Illumina HiSeq 2500 paired end sequencing	Cattle E. coli
PRJEB45949	SAMEA9310024	ERX5797232	ERR6160780	562	Escherichia coli	unspecified	GENOMIC	Illumina HiSeq 2500 paired end sequencing	Cattle E. coli
PRJEB45949	SAMEA9310025	ERX5797233	ERR6160781	562	Escherichia coli	unspecified	GENOMIC	Illumina HiSeq 2500 paired end sequencing	Urine E. coli
PRJEB45949	SAMEA9310025	ERX5797234	ERR6160782	562	Escherichia coli	unspecified	GENOMIC	Illumina HiSeq 2500 paired end sequencing	Urine E. coli
PRJEB45949	SAMEA9310025	ERX5797235	ERR6160783	562	Escherichia coli	unspecified	GENOMIC	Illumina HiSeq 2500 paired end sequencing	Urine E. coli
PRJEB45949	SAMEA9310025	ERX5797236	ERR6160784	562	Escherichia coli	unspecified	GENOMIC	Illumina HiSeq 2500 paired end sequencing	Urine E. coli
PRJEB45949	SAMEA9310025	ERX5797237	ERR6160785	562	Escherichia coli	unspecified	GENOMIC	Illumina HiSeq 2500 paired end sequencing	Urine E. coli
PRJEB45949	SAMEA9310025	ERX5797238	ERR6160786	562	Escherichia coli	unspecified	GENOMIC	Illumina HiSeq 2500 paired end sequencing	Urine E. coli
PRJEB45949	SAMEA9310025	ERX5797239	ERR6160787	562	Escherichia coli	unspecified	GENOMIC	Illumina HiSeq 2500 paired end sequencing	Urine E. coli
PRJEB45949	SAMEA9310025	ERX5797240	ERR6160788	562	Escherichia coli	unspecified	GENOMIC	Illumina HiSeq 2500 paired end sequencing	Urine E. coli
PRJEB45949	SAMEA9310025	ERX5797241	ERR6160789	562	Escherichia coli	unspecified	GENOMIC	Illumina HiSeq 2500 paired end sequencing	Urine E. coli
PRJEB45949	SAMEA9310025	ERX5797242	ERR6160790	562	Escherichia coli	unspecified	GENOMIC	Illumina HiSeq 2500 paired end sequencing	Urine E. coli
PRJEB45949	SAMEA9310025	ERX5797243	ERR6160791	562	Escherichia coli	unspecified	GENOMIC	Illumina HiSeq 2500 paired end sequencing	Urine E. coli
PRJEB45949	SAMEA9310025	ERX5797244	ERR6160792	562	Escherichia coli	unspecified	GENOMIC	Illumina HiSeq 2500 paired end sequencing	Urine E. coli
PRJEB45949	SAMEA9310025	ERX5797245	ERR6160793	562	Escherichia coli	unspecified	GENOMIC	Illumina HiSeq 2500 paired end sequencing	Urine E. coli
PRJEB45949	SAMEA9310025	ERX5797246	ERR6160794	562	Escherichia coli	unspecified	GENOMIC	Illumina HiSeq 2500 paired end sequencing	Urine E. coli
PRJEB45949	SAMEA9310025	ERX5797247	ERR6160795	562	Escherichia coli	unspecified	GENOMIC	Illumina HiSeq 2500 paired end sequencing	Urine E. coli
PRJEB45949	SAMEA9310025	ERX5797248	ERR6160796	562	Escherichia coli	unspecified	GENOMIC	Illumina HiSeq 2500 paired end sequencing	Urine E. coli
PRJEB45949	SAMEA9310025	ERX5797249	ERR6160797	562	Escherichia coli	unspecified	GENOMIC	Illumina HiSeq 2500 paired end sequencing	Urine E. coli
PRJEB45949	SAMEA9310025	ERX5797250	ERR6160798	562	Escherichia coli	unspecified	GENOMIC	Illumina HiSeq 2500 paired end sequencing	Urine E. coli
PRJEB45949	SAMEA9310025	ERX5797251	ERR6160799	562	Escherichia coli	unspecified	GENOMIC	Illumina HiSeq 2500 paired end sequencing	Urine E. coli
PRJEB45949	SAMEA9310025	ERX5797252	ERR6160800	562	Escherichia coli	unspecified	GENOMIC	Illumina HiSeq 2500 paired end sequencing	Urine E. coli
PRJEB45949	SAMEA9310025	ERX5797253	ERR6160801	562	Escherichia coli	unspecified	GENOMIC	Illumina HiSeq 2500 paired end sequencing	Urine E. coli
PRJEB45949	SAMEA9310025	ERX5797254	ERR6160802	562	Escherichia coli	unspecified	GENOMIC	Illumina HiSeq 2500 paired end sequencing	Urine E. coli
PRJEB45949	SAMEA9310025	ERX5797255	ERR6160803	562	Escherichia coli	unspecified	GENOMIC	Illumina HiSeq 2500 paired end sequencing	Urine E. coli
PRJEB45949	SAMEA9310025	ERX5797256	ERR6160804	562	Escherichia coli	unspecified	GENOMIC	Illumina HiSeq 2500 paired end sequencing	Urine E. coli
PRJEB45949	SAMEA9310025	ERX5797257	ERR6160805	562	Escherichia coli	unspecified	GENOMIC	Illumina HiSeq 2500 paired end sequencing	Urine E. coli
PRJEB45949	SAMEA9310025	ERX5797258	ERR6160806	562	Escherichia coli	unspecified	GENOMIC	Illumina HiSeq 2500 paired end sequencing	Urine E. coli
PRJEB45949	SAMEA9310025	ERX5797259	ERR6160807	562	Escherichia coli	unspecified	GENOMIC	Illumina HiSeq 2500 paired end sequencing	Urine E. coli
PRJEB45949	SAMEA9310025	ERX5797260	ERR6160808	562	Escherichia coli	unspecified	GENOMIC	Illumina HiSeq 2500 paired end sequencing	Urine E. coli
PRJEB45949	SAMEA9310025	ERX5797261	ERR6160809	562	Escherichia coli	unspecified	GENOMIC	Illumina HiSeq 2500 paired end sequencing	Urine E. coli
PRJEB45949	SAMEA9310025	ERX5797262	ERR6160810	562	Escherichia coli	unspecified	GENOMIC	Illumina HiSeq 2500 paired end sequencing	Urine E. coli
PRJEB45949	SAMEA9310025	ERX5797263	ERR6160811	562	Escherichia coli	unspecified	GENOMIC	Illumina HiSeq 2500 paired end sequencing	Urine E. coli
PRJEB45949	SAMEA9310025	ERX5797264	ERR6160812	562	Escherichia coli	unspecified	GENOMIC	Illumina HiSeq 2500 paired end sequencing	Urine E. coli
PRJEB45949	SAMEA9310025	ERX5797265	ERR6160813	562	Escherichia coli	unspecified	GENOMIC	Illumina HiSeq 2500 paired end sequencing	Urine E. coli
PRJEB45949	SAMEA9310025	ERX5797266	ERR6160814	562	Escherichia coli	unspecified	GENOMIC	Illumina HiSeq 2500 paired end sequencing	Urine E. coli
PRJEB45949	SAMEA9310025	ERX5797267	ERR6160815	562	Escherichia coli	unspecified	GENOMIC	Illumina HiSeq 2500 paired end sequencing	Urine E. coli
PRJEB45949	SAMEA9310025	ERX5797268	ERR6160816	562	Escherichia coli	unspecified	GENOMIC	Illumina HiSeq 2500 paired end sequencing	Urine E. coli
PRJEB45949	SAMEA9310025	ERX5797269	ERR6160817	562	Escherichia coli	unspecified	GENOMIC	Illumina HiSeq 2500 paired end sequencing	Urine E. coli
PRJEB45949	SAMEA9310025	ERX5797270	ERR6160818	562	Escherichia coli	unspecified	GENOMIC	Illumina HiSeq 2500 paired end sequencing	Urine E. coli
PRJEB45949	SAMEA9310024	ERX5797271	ERR6160819	562	Escherichia coli	unspecified	GENOMIC	Illumina HiSeq 2500 paired end sequencing	Cattle E. coli
PRJEB45949	SAMEA9310024	ERX5797272	ERR6160820	562	Escherichia coli	unspecified	GENOMIC	Illumina HiSeq 2500 paired end sequencing	Cattle E. coli
PRJEB45949	SAMEA9310025	ERX5797273	ERR6160821	562	Escherichia coli	unspecified	GENOMIC	Illumina HiSeq 2500 paired end sequencing	Urine E. coli
PRJEB45949	SAMEA9310025	ERX5797274	ERR6160822	562	Escherichia coli	unspecified	GENOMIC	Illumina HiSeq 2500 paired end sequencing	Urine E. coli
PRJEB45949	SAMEA9310025	ERX5797275	ERR6160823	562	Escherichia coli	unspecified	GENOMIC	Illumina HiSeq 2500 paired end sequencing	Urine E. coli
PRJEB45949	SAMEA9310024	ERX5797276	ERR6160824	562	Escherichia coli	unspecified	GENOMIC	Illumina HiSeq 2500 paired end sequencing	Cattle E. coli
PRJEB45949	SAMEA9310024	ERX5797277	ERR6160825	562	Escherichia coli	unspecified	GENOMIC	Illumina HiSeq 2500 paired end sequencing	Cattle E. coli
PRJEB45949	SAMEA9310024	ERX5797278	ERR6160826	562	Escherichia coli	unspecified	GENOMIC	Illumina HiSeq 2500 paired end sequencing	Cattle E. coli
PRJEB45949	SAMEA9310026	ERX5797279	ERR6160827	562	Escherichia coli	unspecified	GENOMIC	Illumina HiSeq 2500 paired end sequencing	Bloodsteam E. coli
PRJEB45949	SAMEA9310026	ERX5797280	ERR6160828	562	Escherichia coli	unspecified	GENOMIC	Illumina HiSeq 2500 paired end sequencing	Bloodsteam E. coli
PRJEB45949	SAMEA9310026	ERX5797281	ERR6160829	562	Escherichia coli	unspecified	GENOMIC	Illumina HiSeq 2500 paired end sequencing	Bloodsteam E. coli
PRJEB45949	SAMEA9310026	ERX5797282	ERR6160830	562	Escherichia coli	unspecified	GENOMIC	Illumina HiSeq 2500 paired end sequencing	Bloodsteam E. coli
PRJEB45949	SAMEA9310026	ERX5797283	ERR6160831	562	Escherichia coli	unspecified	GENOMIC	Illumina HiSeq 2500 paired end sequencing	Bloodsteam E. coli
PRJEB45949	SAMEA9310026	ERX5797284	ERR6160832	562	Escherichia coli	unspecified	GENOMIC	Illumina HiSeq 2500 paired end sequencing	Bloodsteam E. coli
PRJEB45949	SAMEA9310026	ERX5797285	ERR6160833	562	Escherichia coli	unspecified	GENOMIC	Illumina HiSeq 2500 paired end sequencing	Bloodsteam E. coli
PRJEB45949	SAMEA9310026	ERX5797286	ERR6160834	562	Escherichia coli	unspecified	GENOMIC	Illumina HiSeq 2500 paired end sequencing	Bloodsteam E. coli
PRJEB45949	SAMEA9310026	ERX5797287	ERR6160835	562	Escherichia coli	unspecified	GENOMIC	Illumina HiSeq 2500 paired end sequencing	Bloodsteam E. coli
PRJEB45949	SAMEA9310026	ERX5797288	ERR6160836	562	Escherichia coli	unspecified	GENOMIC	Illumina HiSeq 2500 paired end sequencing	Bloodsteam E. coli
PRJEB45949	SAMEA9310026	ERX5797289	ERR6160837	562	Escherichia coli	unspecified	GENOMIC	Illumina HiSeq 2500 paired end sequencing	Bloodsteam E. coli
PRJEB45949	SAMEA9310026	ERX5797290	ERR6160838	562	Escherichia coli	unspecified	GENOMIC	Illumina HiSeq 2500 paired end sequencing	Bloodsteam E. coli
PRJEB45949	SAMEA9310026	ERX5797291	ERR6160839	562	Escherichia coli	unspecified	GENOMIC	Illumina HiSeq 2500 paired end sequencing	Bloodsteam E. coli
PRJEB45949	SAMEA9310024	ERX5797292	ERR6160840	562	Escherichia coli	unspecified	GENOMIC	Illumina HiSeq 2500 paired end sequencing	Cattle E. coli
PRJEB45949	SAMEA9310024	ERX5797293	ERR6160841	562	Escherichia coli	unspecified	GENOMIC	Illumina HiSeq 2500 paired end sequencing	Cattle E. coli
PRJEB45949	SAMEA9310026	ERX5797294	ERR6160842	562	Escherichia coli	unspecified	GENOMIC	Illumina HiSeq 2500 paired end sequencing	Bloodsteam E. coli
PRJEB45949	SAMEA9310026	ERX5797295	ERR6160843	562	Escherichia coli	unspecified	GENOMIC	Illumina HiSeq 2500 paired end sequencing	Bloodsteam E. coli
PRJEB45949	SAMEA9310026	ERX5797296	ERR6160844	562	Escherichia coli	unspecified	GENOMIC	Illumina HiSeq 2500 paired end sequencing	Bloodsteam E. coli
PRJEB45949	SAMEA9310026	ERX5797297	ERR6160845	562	Escherichia coli	unspecified	GENOMIC	Illumina HiSeq 2500 paired end sequencing	Bloodsteam E. coli
PRJEB45949	SAMEA9310026	ERX5797298	ERR6160846	562	Escherichia coli	unspecified	GENOMIC	Illumina HiSeq 2500 paired end sequencing	Bloodsteam E. coli
PRJEB45949	SAMEA9310026	ERX5797299	ERR6160847	562	Escherichia coli	unspecified	GENOMIC	Illumina HiSeq 2500 paired end sequencing	Bloodsteam E. coli
PRJEB45949	SAMEA9310026	ERX5797300	ERR6160848	562	Escherichia coli	unspecified	GENOMIC	Illumina HiSeq 2500 paired end sequencing	Bloodsteam E. coli
PRJEB45949	SAMEA9310026	ERX5797301	ERR6160849	562	Escherichia coli	unspecified	GENOMIC	Illumina HiSeq 2500 paired end sequencing	Bloodsteam E. coli
PRJEB45949	SAMEA9310026	ERX5797302	ERR6160850	562	Escherichia coli	unspecified	GENOMIC	Illumina HiSeq 2500 paired end sequencing	Bloodsteam E. coli
PRJEB45949	SAMEA9310026	ERX5797303	ERR6160851	562	Escherichia coli	unspecified	GENOMIC	Illumina HiSeq 2500 paired end sequencing	Bloodsteam E. coli
PRJEB45949	SAMEA9310026	ERX5797304	ERR6160852	562	Escherichia coli	unspecified	GENOMIC	Illumina HiSeq 2500 paired end sequencing	Bloodsteam E. coli
PRJEB45949	SAMEA9310026	ERX5797305	ERR6160853	562	Escherichia coli	unspecified	GENOMIC	Illumina HiSeq 2500 paired end sequencing	Bloodsteam E. coli
PRJEB45949	SAMEA9310026	ERX5797306	ERR6160854	562	Escherichia coli	unspecified	GENOMIC	Illumina HiSeq 2500 paired end sequencing	Bloodsteam E. coli
PRJEB45949	SAMEA9310026	ERX5797307	ERR6160855	562	Escherichia coli	unspecified	GENOMIC	Illumina HiSeq 2500 paired end sequencing	Bloodsteam E. coli
PRJEB45949	SAMEA9310026	ERX5797308	ERR6160856	562	Escherichia coli	unspecified	GENOMIC	Illumina HiSeq 2500 paired end sequencing	Bloodsteam E. coli
PRJEB45949	SAMEA9310026	ERX5797309	ERR6160857	562	Escherichia coli	unspecified	GENOMIC	Illumina HiSeq 2500 paired end sequencing	Bloodsteam E. coli
PRJEB45949	SAMEA9310026	ERX5797310	ERR6160858	562	Escherichia coli	unspecified	GENOMIC	Illumina HiSeq 2500 paired end sequencing	Bloodsteam E. coli
PRJEB45949	SAMEA9310026	ERX5797311	ERR6160859	562	Escherichia coli	unspecified	GENOMIC	Illumina HiSeq 2500 paired end sequencing	Bloodsteam E. coli
PRJEB45949	SAMEA9310026	ERX5797312	ERR6160860	562	Escherichia coli	unspecified	GENOMIC	Illumina HiSeq 2500 paired end sequencing	Bloodsteam E. coli
PRJEB45949	SAMEA9310026	ERX5797313	ERR6160861	562	Escherichia coli	unspecified	GENOMIC	Illumina HiSeq 2500 paired end sequencing	Bloodsteam E. coli
PRJEB45949	SAMEA9310026	ERX5797314	ERR6160862	562	Escherichia coli	unspecified	GENOMIC	Illumina HiSeq 2500 paired end sequencing	Bloodsteam E. coli
PRJEB45949	SAMEA9310026	ERX5797315	ERR6160863	562	Escherichia coli	unspecified	GENOMIC	Illumina HiSeq 2500 paired end sequencing	Bloodsteam E. coli
PRJEB45949	SAMEA9310026	ERX5797316	ERR6160864	562	Escherichia coli	unspecified	GENOMIC	Illumina HiSeq 2500 paired end sequencing	Bloodsteam E. coli
PRJEB45949	SAMEA9310026	ERX5797317	ERR6160865	562	Escherichia coli	unspecified	GENOMIC	Illumina HiSeq 2500 paired end sequencing	Bloodsteam E. coli
PRJEB45949	SAMEA9310026	ERX5797318	ERR6160866	562	Escherichia coli	unspecified	GENOMIC	Illumina HiSeq 2500 paired end sequencing	Bloodsteam E. coli
PRJEB45949	SAMEA9310026	ERX5797319	ERR6160867	562	Escherichia coli	unspecified	GENOMIC	Illumina HiSeq 2500 paired end sequencing	Bloodsteam E. coli
PRJEB45949	SAMEA9310026	ERX5797320	ERR6160868	562	Escherichia coli	unspecified	GENOMIC	Illumina HiSeq 2500 paired end sequencing	Bloodsteam E. coli
PRJEB45949	SAMEA9310026	ERX5797321	ERR6160869	562	Escherichia coli	unspecified	GENOMIC	Illumina HiSeq 2500 paired end sequencing	Bloodsteam E. coli
PRJEB45949	SAMEA9310026	ERX5797322	ERR6160870	562	Escherichia coli	unspecified	GENOMIC	Illumina HiSeq 2500 paired end sequencing	Bloodsteam E. coli
PRJEB45949	SAMEA9310026	ERX5797323	ERR6160871	562	Escherichia coli	unspecified	GENOMIC	Illumina HiSeq 2500 paired end sequencing	Bloodsteam E. coli
PRJEB45949	SAMEA9310026	ERX5797324	ERR6160872	562	Escherichia coli	unspecified	GENOMIC	Illumina HiSeq 2500 paired end sequencing	Bloodsteam E. coli
PRJEB45949	SAMEA9310026	ERX5797325	ERR6160873	562	Escherichia coli	unspecified	GENOMIC	Illumina HiSeq 2500 paired end sequencing	Bloodsteam E. coli
PRJEB45949	SAMEA9310026	ERX5797326	ERR6160874	562	Escherichia coli	unspecified	GENOMIC	Illumina HiSeq 2500 paired end sequencing	Bloodsteam E. coli
PRJEB45949	SAMEA9310026	ERX5797327	ERR6160875	562	Escherichia coli	unspecified	GENOMIC	Illumina HiSeq 2500 paired end sequencing	Bloodsteam E. coli
PRJEB45949	SAMEA9310026	ERX5797328	ERR6160876	562	Escherichia coli	unspecified	GENOMIC	Illumina HiSeq 2500 paired end sequencing	Bloodsteam E. coli
PRJEB45949	SAMEA9310026	ERX5797329	ERR6160877	562	Escherichia coli	unspecified	GENOMIC	Illumina HiSeq 2500 paired end sequencing	Bloodsteam E. coli
PRJEB45949	SAMEA9310026	ERX5797330	ERR6160878	562	Escherichia coli	unspecified	GENOMIC	Illumina HiSeq 2500 paired end sequencing	Bloodsteam E. coli
PRJEB45949	SAMEA9310026	ERX5797331	ERR6160879	562	Escherichia coli	unspecified	GENOMIC	Illumina HiSeq 2500 paired end sequencing	Bloodsteam E. coli
PRJEB45949	SAMEA9310026	ERX5797332	ERR6160880	562	Escherichia coli	unspecified	GENOMIC	Illumina HiSeq 2500 paired end sequencing	Bloodsteam E. coli
PRJEB45949	SAMEA9310026	ERX5797333	ERR6160881	562	Escherichia coli	unspecified	GENOMIC	Illumina HiSeq 2500 paired end sequencing	Bloodsteam E. coli
PRJEB45949	SAMEA9310026	ERX5797334	ERR6160882	562	Escherichia coli	unspecified	GENOMIC	Illumina HiSeq 2500 paired end sequencing	Bloodsteam E. coli
PRJEB45949	SAMEA9310026	ERX5797335	ERR6160883	562	Escherichia coli	unspecified	GENOMIC	Illumina HiSeq 2500 paired end sequencing	Bloodsteam E. coli
PRJEB45949	SAMEA9310026	ERX5797336	ERR6160884	562	Escherichia coli	unspecified	GENOMIC	Illumina HiSeq 2500 paired end sequencing	Bloodsteam E. coli
PRJEB45949	SAMEA9310026	ERX5797337	ERR6160885	562	Escherichia coli	unspecified	GENOMIC	Illumina HiSeq 2500 paired end sequencing	Bloodsteam E. coli
PRJEB45949	SAMEA9310026	ERX5797338	ERR6160886	562	Escherichia coli	unspecified	GENOMIC	Illumina HiSeq 2500 paired end sequencing	Bloodsteam E. coli
PRJEB45949	SAMEA9310026	ERX5797339	ERR6160887	562	Escherichia coli	unspecified	GENOMIC	Illumina HiSeq 2500 paired end sequencing	Bloodsteam E. coli
PRJEB45949	SAMEA9310026	ERX5797340	ERR6160888	562	Escherichia coli	unspecified	GENOMIC	Illumina HiSeq 2500 paired end sequencing	Bloodsteam E. coli
PRJEB45949	SAMEA9310026	ERX5797341	ERR6160889	562	Escherichia coli	unspecified	GENOMIC	Illumina HiSeq 2500 paired end sequencing	Bloodsteam E. coli
PRJEB45949	SAMEA9310026	ERX5797342	ERR6160890	562	Escherichia coli	unspecified	GENOMIC	Illumina HiSeq 2500 paired end sequencing	Bloodsteam E. coli
PRJEB45949	SAMEA9310026	ERX5797343	ERR6160891	562	Escherichia coli	unspecified	GENOMIC	Illumina HiSeq 2500 paired end sequencing	Bloodsteam E. coli
PRJEB45949	SAMEA9310026	ERX5797344	ERR6160892	562	Escherichia coli	unspecified	GENOMIC	Illumina HiSeq 2500 paired end sequencing	Bloodsteam E. coli
PRJEB45949	SAMEA9310026	ERX5797345	ERR6160893	562	Escherichia coli	unspecified	GENOMIC	Illumina HiSeq 2500 paired end sequencing	Bloodsteam E. coli
PRJEB45949	SAMEA9310026	ERX5797346	ERR6160894	562	Escherichia coli	unspecified	GENOMIC	Illumina HiSeq 2500 paired end sequencing	Bloodsteam E. coli
PRJEB45949	SAMEA9310026	ERX5797347	ERR6160895	562	Escherichia coli	unspecified	GENOMIC	Illumina HiSeq 2500 paired end sequencing	Bloodsteam E. coli
PRJEB45949	SAMEA9310026	ERX5797348	ERR6160896	562	Escherichia coli	unspecified	GENOMIC	Illumina HiSeq 2500 paired end sequencing	Bloodsteam E. coli
PRJEB45949	SAMEA9310026	ERX5797349	ERR6160897	562	Escherichia coli	unspecified	GENOMIC	Illumina HiSeq 2500 paired end sequencing	Bloodsteam E. coli
PRJEB45949	SAMEA9310026	ERX5797350	ERR6160898	562	Escherichia coli	unspecified	GENOMIC	Illumina HiSeq 2500 paired end sequencing	Bloodsteam E. coli
PRJEB45949	SAMEA9310026	ERX5797351	ERR6160899	562	Escherichia coli	unspecified	GENOMIC	Illumina HiSeq 2500 paired end sequencing	Bloodsteam E. coli
PRJEB45949	SAMEA9310026	ERX5797352	ERR6160900	562	Escherichia coli	unspecified	GENOMIC	Illumina HiSeq 2500 paired end sequencing	Bloodsteam E. coli
PRJEB45949	SAMEA9310026	ERX5797353	ERR6160901	562	Escherichia coli	unspecified	GENOMIC	Illumina HiSeq 2500 paired end sequencing	Bloodsteam E. coli
PRJEB45949	SAMEA9310026	ERX5797354	ERR6160902	562	Escherichia coli	unspecified	GENOMIC	Illumina HiSeq 2500 paired end sequencing	Bloodsteam E. coli
PRJEB45949	SAMEA9310026	ERX5797355	ERR6160903	562	Escherichia coli	unspecified	GENOMIC	Illumina HiSeq 2500 paired end sequencing	Bloodsteam E. coli
PRJEB45949	SAMEA9310026	ERX5797356	ERR6160904	562	Escherichia coli	unspecified	GENOMIC	Illumina HiSeq 2500 paired end sequencing	Bloodsteam E. coli
PRJEB45949	SAMEA9310026	ERX5797357	ERR6160905	562	Escherichia coli	unspecified	GENOMIC	Illumina HiSeq 2500 paired end sequencing	Bloodsteam E. coli
PRJEB45949	SAMEA9310026	ERX5797358	ERR6160906	562	Escherichia coli	unspecified	GENOMIC	Illumina HiSeq 2500 paired end sequencing	Bloodsteam E. coli
PRJEB45949	SAMEA9310026	ERX5797359	ERR6160907	562	Escherichia coli	unspecified	GENOMIC	Illumina HiSeq 2500 paired end sequencing	Bloodsteam E. coli
PRJEB45949	SAMEA9310026	ERX5797360	ERR6160908	562	Escherichia coli	unspecified	GENOMIC	Illumina HiSeq 2500 paired end sequencing	Bloodsteam E. coli
PRJEB45949	SAMEA9310026	ERX5797361	ERR6160909	562	Escherichia coli	unspecified	GENOMIC	Illumina HiSeq 2500 paired end sequencing	Bloodsteam E. coli
PRJEB45949	SAMEA9310026	ERX5797362	ERR6160910	562	Escherichia coli	unspecified	GENOMIC	Illumina HiSeq 2500 paired end sequencing	Bloodsteam E. coli
PRJEB45949	SAMEA9310026	ERX5797363	ERR6160911	562	Escherichia coli	unspecified	GENOMIC	Illumina HiSeq 2500 paired end sequencing	Bloodsteam E. coli
PRJEB45949	SAMEA9310024	ERX5797364	ERR6160912	562	Escherichia coli	unspecified	GENOMIC	Illumina HiSeq 2500 paired end sequencing	Cattle E. coli
PRJEB45949	SAMEA9310024	ERX5797365	ERR6160913	562	Escherichia coli	unspecified	GENOMIC	Illumina HiSeq 2500 paired end sequencing	Cattle E. coli
PRJEB45949	SAMEA9310024	ERX5797366	ERR6160914	562	Escherichia coli	unspecified	GENOMIC	Illumina HiSeq 2500 paired end sequencing	Cattle E. coli
PRJEB45949	SAMEA9310024	ERX5797367	ERR6160915	562	Escherichia coli	unspecified	GENOMIC	Illumina HiSeq 2500 paired end sequencing	Cattle E. coli
PRJEB45949	SAMEA9310024	ERX5797368	ERR6160916	562	Escherichia coli	unspecified	GENOMIC	Illumina HiSeq 2500 paired end sequencing	Cattle E. coli
PRJEB45949	SAMEA9310024	ERX5797369	ERR6160917	562	Escherichia coli	unspecified	GENOMIC	Illumina HiSeq 2500 paired end sequencing	Cattle E. coli
PRJEB45949	SAMEA9310024	ERX5797370	ERR6160918	562	Escherichia coli	unspecified	GENOMIC	Illumina HiSeq 2500 paired end sequencing	Cattle E. coli
PRJEB45949	SAMEA9310024	ERX5797371	ERR6160919	562	Escherichia coli	unspecified	GENOMIC	Illumina HiSeq 2500 paired end sequencing	Cattle E. coli
PRJEB45949	SAMEA9310024	ERX5797372	ERR6160920	562	Escherichia coli	unspecified	GENOMIC	Illumina HiSeq 2500 paired end sequencing	Cattle E. coli
PRJEB45949	SAMEA9310024	ERX5797373	ERR6160921	562	Escherichia coli	unspecified	GENOMIC	Illumina HiSeq 2500 paired end sequencing	Cattle E. coli
PRJEB45949	SAMEA9310024	ERX5797374	ERR6160922	562	Escherichia coli	unspecified	GENOMIC	Illumina HiSeq 2500 paired end sequencing	Cattle E. coli
PRJEB45949	SAMEA9310024	ERX5797375	ERR6160923	562	Escherichia coli	unspecified	GENOMIC	Illumina HiSeq 2500 paired end sequencing	Cattle E. coli
PRJEB45949	SAMEA9310024	ERX5797376	ERR6160924	562	Escherichia coli	unspecified	GENOMIC	Illumina HiSeq 2500 paired end sequencing	Cattle E. coli
PRJEB45949	SAMEA9310024	ERX5797377	ERR6160925	562	Escherichia coli	unspecified	GENOMIC	Illumina HiSeq 2500 paired end sequencing	Cattle E. coli
PRJEB45949	SAMEA9310024	ERX5797378	ERR6160926	562	Escherichia coli	unspecified	GENOMIC	Illumina HiSeq 2500 paired end sequencing	Cattle E. coli
PRJEB45949	SAMEA9310024	ERX5797379	ERR6160927	562	Escherichia coli	unspecified	GENOMIC	Illumina HiSeq 2500 paired end sequencing	Cattle E. coli
PRJEB45949	SAMEA9310024	ERX5797380	ERR6160928	562	Escherichia coli	unspecified	GENOMIC	Illumina HiSeq 2500 paired end sequencing	Cattle E. coli
PRJEB45949	SAMEA9310024	ERX5797381	ERR6160929	562	Escherichia coli	unspecified	GENOMIC	Illumina HiSeq 2500 paired end sequencing	Cattle E. coli
PRJEB45949	SAMEA9310024	ERX5797382	ERR6160930	562	Escherichia coli	unspecified	GENOMIC	Illumina HiSeq 2500 paired end sequencing	Cattle E. coli
PRJEB45949	SAMEA9310024	ERX5797383	ERR6160931	562	Escherichia coli	unspecified	GENOMIC	Illumina HiSeq 2500 paired end sequencing	Cattle E. coli
PRJEB45949	SAMEA9310024	ERX5797384	ERR6160932	562	Escherichia coli	unspecified	GENOMIC	Illumina HiSeq 2500 paired end sequencing	Cattle E. coli
PRJEB45949	SAMEA9310024	ERX5797385	ERR6160933	562	Escherichia coli	unspecified	GENOMIC	Illumina HiSeq 2500 paired end sequencing	Cattle E. coli
PRJEB45949	SAMEA9310024	ERX5797386	ERR6160934	562	Escherichia coli	unspecified	GENOMIC	Illumina HiSeq 2500 paired end sequencing	Cattle E. coli
PRJEB45949	SAMEA9310024	ERX5797387	ERR6160935	562	Escherichia coli	unspecified	GENOMIC	Illumina HiSeq 2500 paired end sequencing	Cattle E. coli
PRJEB45949	SAMEA9310024	ERX5797388	ERR6160936	562	Escherichia coli	unspecified	GENOMIC	Illumina HiSeq 2500 paired end sequencing	Cattle E. coli
PRJEB45949	SAMEA9310024	ERX5797389	ERR6160937	562	Escherichia coli	unspecified	GENOMIC	Illumina HiSeq 2500 paired end sequencing	Cattle E. coli
PRJEB45949	SAMEA9310024	ERX5797390	ERR6160938	562	Escherichia coli	unspecified	GENOMIC	Illumina HiSeq 2500 paired end sequencing	Cattle E. coli
PRJEB45949	SAMEA9310024	ERX5797391	ERR6160939	562	Escherichia coli	unspecified	GENOMIC	Illumina HiSeq 2500 paired end sequencing	Cattle E. coli
PRJEB45949	SAMEA9310024	ERX5797392	ERR6160940	562	Escherichia coli	unspecified	GENOMIC	Illumina HiSeq 2500 paired end sequencing	Cattle E. coli
PRJEB45949	SAMEA9310024	ERX5797393	ERR6160941	562	Escherichia coli	unspecified	GENOMIC	Illumina HiSeq 2500 paired end sequencing	Cattle E. coli
PRJEB45949	SAMEA9310024	ERX5797394	ERR6160942	562	Escherichia coli	unspecified	GENOMIC	Illumina HiSeq 2500 paired end sequencing	Cattle E. coli
PRJEB45949	SAMEA9310024	ERX5797395	ERR6160943	562	Escherichia coli	unspecified	GENOMIC	Illumina HiSeq 2500 paired end sequencing	Cattle E. coli
PRJEB45949	SAMEA9310024	ERX5797396	ERR6160944	562	Escherichia coli	unspecified	GENOMIC	Illumina HiSeq 2500 paired end sequencing	Cattle E. coli
PRJEB45949	SAMEA9310024	ERX5797397	ERR6160945	562	Escherichia coli	unspecified	GENOMIC	Illumina HiSeq 2500 paired end sequencing	Cattle E. coli
PRJEB45949	SAMEA9310024	ERX5797398	ERR6160946	562	Escherichia coli	unspecified	GENOMIC	Illumina HiSeq 2500 paired end sequencing	Cattle E. coli
PRJEB45949	SAMEA9310024	ERX5797399	ERR6160947	562	Escherichia coli	unspecified	GENOMIC	Illumina HiSeq 2500 paired end sequencing	Cattle E. coli
PRJEB45949	SAMEA9310024	ERX5797400	ERR6160948	562	Escherichia coli	unspecified	GENOMIC	Illumina HiSeq 2500 paired end sequencing	Cattle E. coli
PRJEB45949	SAMEA9310024	ERX5797401	ERR6160949	562	Escherichia coli	unspecified	GENOMIC	Illumina HiSeq 2500 paired end sequencing	Cattle E. coli
PRJEB45949	SAMEA9310024	ERX5797402	ERR6160950	562	Escherichia coli	unspecified	GENOMIC	Illumina HiSeq 2500 paired end sequencing	Cattle E. coli
PRJEB45949	SAMEA9310024	ERX5797403	ERR6160951	562	Escherichia coli	unspecified	GENOMIC	Illumina HiSeq 2500 paired end sequencing	Cattle E. coli
